Workbook

Sheet pib_mes_tot_2010
A1: Sigla | B1: Codigo | C1: Meso-região | D1: 2002 | E1: 2003 | F1: 2004 | G1: 2005 | H1: 2006 | I1: 2007 | J1: 2008 | K1: 2009 | L1: 2010 | M1: 2011 | N1: 2012 | O1: 2013 | P1: 2014 | Q1: 2015 | R1: 2016 | S1: 2017 | T1: 2018 | U1: 2019 | V1: 2020 | W1: 2021
A2: AC | B2: 1201 | C2: Vale do Juruá | D2: 1005021.4 | E2: 1005897.5 | F2: 1014540.7 | G2: 1092503.3 | H2: 1116065.7 | I2: 1268092.3 | J2: 1395713.5 | K2: 1496288.5 | L2: 1616720.3 | M2: 1521408.2 | N2: 1562338 | O2: 1719504.8 | P2: 1870680.3 | Q2: 1685723.9 | R2: 1734594.3 | S2: 1759701.2 | T2: 1772017 | U2: 1728227.4 | V2: 1737443 | W2: 2081752.8
A3: AC | B3: 1202 | C3: Vale do Acre | D3: 4639695.7 | E3: 4617583.1 | F3: 4832954.3 | G3: 5093570.1 | H3: 5164164.6 | I3: 5640150.1 | J3: 6062801.2 | K3: 6535518.8 | L3: 6725635.3 | M3: 6740731.8 | N3: 7108300.1 | O3: 7408740.4 | P3: 8057536 | Q3: 7656685.8 | R3: 6990877 | S3: 6974170.4 | T3: 7205949.4 | U3: 7053797 | V3: 6957351.6 | W3: 8045352.3
A4: AL | B4: 2701 | C4: Sertão Alagoano | D4: 1688698.9 | E4: 1420907.4 | F4: 1617420.8 | G4: 1711094.5 | H4: 1787765.3 | I4: 1895814.1 | J4: 1957305.2 | K4: 1873822.9 | L4: 1893456.9 | M4: 2084575.1 | N4: 2194443.3 | O4: 2242886 | P4: 2222112.3 | Q4: 2259318.2 | R4: 2184027.2 | S4: 2236623.6 | T4: 2232278.2 | U4: 2333597 | V4: 2415121.4 | W4: 2543769.3
A5: AL | B5: 2702 | C5: Agreste Alagoano | D5: 2988074 | E5: 2668308.8 | F5: 2726389.3 | G5: 2851962.9 | H5: 3011153.2 | I5: 3284011.1 | J5: 3471642.2 | K5: 3652448.1 | L5: 3827720.9 | M5: 3971467 | N5: 4569477.4 | O5: 4594413.3 | P5: 4765856.9 | Q5: 5210777.8 | R5: 4898770.4 | S5: 5117695.6 | T5: 5259699.4 | U5: 5676494.6 | V5: 5901911.5 | W5: 6253577.6
A6: AL | B6: 2703 | C6: Leste Alagoano | D6: 17240315 | E6: 16931236 | F6: 17360067 | G6: 17710301 | H6: 18635947 | I6: 19970631 | J6: 20473869 | K6: 20693081 | L6: 21411860 | M6: 23170077 | N6: 22871440 | O6: 22823337 | P6: 23238477 | Q6: 24328170 | R6: 24299385 | S6: 24986211 | T6: 24372518 | U6: 25119807 | V6: 25035663 | W6: 27336931
A7: AM | B7: 1301 | C7: Norte Amazonense | D7: 328010.64 | E7: 329017.22 | F7: 342594.33 | G7: 350902.36 | H7: 380063.09 | I7: 409067.08 | J7: 449804.46 | K7: 470952.93 | L7: 493112.2 | M7: 538009.16 | N7: 516916.1 | O7: 553740.37 | P7: 602520.89 | Q7: 598772.82 | R7: 568568.24 | S7: 578695.36 | T7: 566601.66 | U7: 600316.13 | V7: 595643.27 | W7: 617379.56
A8: AM | B8: 1302 | C8: Sudoeste Amazonense | D8: 1183021.2 | E8: 1128364.7 | F8: 1112310.8 | G8: 1147695.3 | H8: 1273660.9 | I8: 1211351.8 | J8: 1263630.6 | K8: 1318052.9 | L8: 1482611.7 | M8: 1692188.7 | N8: 1747445.4 | O8: 1957346.7 | P8: 2006958.9 | Q8: 1940329.7 | R8: 1896084.5 | S8: 1959420.9 | T8: 2053067 | U8: 2098369.3 | V8: 2114947.2 | W8: 2140794.1
A9: AM | B9: 1303 | C9: Centro Amazonense | D9: 39523816 | E9: 40712878 | F9: 45676033 | G9: 46389879 | H9: 50917620 | I9: 52211228 | J9: 53042225 | K9: 51787398 | L9: 57525612 | M9: 61393001 | N9: 57842010 | O9: 61762079 | P9: 59449999 | Q9: 54995543 | R9: 52227088 | S9: 52571912 | T9: 54079178 | U9: 56117786 | V9: 56501263 | W9: 57556148
A10: AM | B10: 1304 | C10: Sul Amazonense | D10: 936877.98 | E10: 893146.52 | F10: 914136.97 | G10: 990542.56 | H10: 1225343.2 | I10: 1199379.6 | J10: 1227826.8 | K10: 1242262.1 | L10: 1375786.4 | M10: 1678980.5 | N10: 1680466.5 | O10: 1799400.7 | P10: 1874273.2 | Q10: 1833129.7 | R10: 1793681.6 | S10: 1945343.8 | T10: 1925512.5 | U10: 1967143.7 | V10: 2012942.9 | W10: 2004439.9
A11: AP | B11: 1601 | C11: Norte do Amapá | D11: 303495.74 | E11: 300548.6 | F11: 331412.12 | G11: 361010.93 | H11: 390635.35 | I11: 465618.94 | J11: 497532.66 | K11: 516840.76 | L11: 493286 | M11: 529451.7 | N11: 573709.67 | O11: 650597.54 | P11: 585027.99 | Q11: 545926.19 | R11: 561166.19 | S11: 595614.29 | T11: 597116.31 | U11: 610301.11 | V11: 607041.87 | W11: 577785.67
A12: AP | B12: 1602 | C12: Sul do Amapá | D12: 5725048.6 | E12: 5382811.1 | F12: 5579034.9 | G12: 5833446.9 | H12: 6723511.2 | I12: 7144248.3 | J12: 7589471.8 | K12: 7604778.1 | L12: 7744509.4 | M12: 8157171.6 | N12: 8946160.4 | O12: 9503571.9 | P12: 9300097.4 | Q12: 8960039 | R12: 8537256.4 | S12: 8878048.2 | T12: 9238222.8 | U12: 9220532.9 | V12: 9139347.3 | W12: 8945425.1
A13: BA | B13: 2901 | C13: Extremo Oeste Baiano | D13: 6179244.3 | E13: 7018812.8 | F13: 8887933.1 | G13: 7602538.9 | H13: 6659216.4 | I13: 8330178.6 | J13: 9308099.1 | K13: 8798591.9 | L13: 7766683.2 | M13: 9433740.4 | N13: 11345783 | O13: 10477641 | P13: 11382295 | Q13: 11783858 | R13: 9196412.6 | S13: 10897237 | T13: 13900310 | U13: 11824855 | V13: 15744499 | W13: 17268848
... A138: TO | B138: 1702 | C138: Oriental do Tocantins | D138: 4041951.8 | E138: 4095113.1 | F138: 4169939.4 | G138: 4271359.9 | H138: 4556924.3 | I138: 4972905.2 | J138: 5585027.5 | K138: 5983244.1 | L138: 6865669.3 | M138: 7187136.7 | N138: 7566703.3 | O138: 8104715.7 | P138: 8675556 | Q138: 8688457.3 | R138: 8595237.3 | S138: 9053757.4 | T138: 9189103.5 | U138: 9714360.8 | V138: 9959137.2 | W138: 10469800

Sheet pop_state
A1: Sigla | B1: Codigo | C1: Estado | D1: 1872 | E1: 1890 | F1: 1900 | G1: 1910 | H1: 1920 | I1: 1940 | J1: 1950 | K1: 1960 | L1: 1970 | M1: 1980 | N1: 1991 | O1: 1996 | P1: 2000 | Q1: 2007 | R1: 2010 | S1: 2022
A2: AC | B2: 12 | C2: Acre | G2: 74484 | H2: 92379 | I2: 79768 | J2: 114755 | K2: 158852 | L2: 215299 | M2: 301276 | N2: 417718 | O2: 483593 | P2: 557882 | Q2: 655385 | R2: 733559 | S2: 830018
A3: AL | B3: 27 | C3: Alagoas | D3: 338854 | E3: 511440 | F3: 649273 | G3: 814060 | H3: 978748 | I3: 951300 | J3: 1093137 | K3: 1256159 | L3: 1588068 | M3: 1982915 | N3: 2514100 | O3: 2633251 | P3: 2827856 | Q3: 3037103 | R3: 3120494 | S3: 3127683
A4: AM | B4: 13 | C4: Amazonas | D4: 57610 | E4: 144458 | F4: 249756 | G4: 335543 | H4: 348947 | I4: 416159 | J4: 514099 | K4: 714774 | L4: 955203 | M4: 1430528 | N4: 2103243 | O4: 2389279 | P4: 2817252 | Q4: 3221939 | R4: 3483985 | S4: 3941613
A5: AP | B5: 16 | C5: Amapá | D5: 3148 | E5: 10348 | G5: 31396 | H5: 36477 | I5: 30747 | J5: 37477 | K5: 68520 | L5: 114230 | M5: 175258 | N5: 289397 | O5: 379459 | P5: 477032 | Q5: 587311 | R5: 669526 | S5: 733759
A6: BA | B6: 29 | C6: Bahia | D6: 1379616 | E6: 1919802 | F6: 2117956 | G6: 2626989 | H6: 3334465 | I6: 3918112 | J6: 4834575 | K6: 5919052 | L6: 7493437 | M6: 9455392 | N6: 11867991 | O6: 12541675 | P6: 13085769 | Q6: 14080654 | R6: 14016906 | S6: 14141626
A7: CE | B7: 23 | C7: Ceará | D7: 742819 | E7: 805687 | F7: 849127 | G7: 1119489 | H7: 1319228 | I7: 2091032 | J7: 2695450 | K7: 3289595 | L7: 4361603 | M7: 5288429 | N7: 6366647 | O7: 6809290 | P7: 7431597 | Q7: 8185286 | R7: 8452381 | S7: 8794957
A8: DF | B8: 53 | C8: Distrito Federal | K8: 139796 | L8: 537492 | M8: 1176908 | N8: 1601094 | O8: 1821946 | P8: 2051146 | Q8: 2455903 | R8: 2570160 | S8: 2817381
A9: ES | B9: 32 | C9: Espírito Santo | D9: 82137 | E9: 135997 | F9: 209783 | G9: 340805 | H9: 457328 | I9: 790149 | J9: 957238 | K9: 1418348 | L9: 1599324 | M9: 2023338 | N9: 2600618 | O9: 2802707 | P9: 3097498 | Q9: 3351669 | R9: 3514952 | S9: 3833712
A10: GO | B10: 52 | C10: Goiás | D10: 122796 | E10: 172420 | F10: 255284 | G10: 318159 | H10: 400022 | I10: 662018 | J10: 1010881 | K10: 1593788 | L10: 2938029 | M10: 3860174 | N10: 4018903 | O10: 4514967 | P10: 5004197 | Q10: 5647035 | R10: 6003788 | S10: 7056495
A11: MA | B11: 21 | C11: Maranhão | D11: 359040 | E11: 430854 | F11: 499308 | G11: 657453 | H11: 874337 | I11: 1235169 | J11: 1583248 | K11: 2477371 | L11: 2992678 | M11: 3996444 | N11: 4930253 | O11: 5222183 | P11: 5657552 | Q11: 6118995 | R11: 6574789 | S11: 6776699
A12: MG | B12: 31 | C12: Minas Gerais | D12: 2039735 | E12: 3184099 | F12: 3594471 | G12: 4479689 | H12: 5888173 | I12: 6763368 | J12: 7782188 | K12: 9960040 | L12: 11485663 | M12: 13380105 | N12: 15743152 | O12: 16672613 | P12: 17905134 | Q12: 19273506 | R12: 19597330 | S12: 20539989
A13: MS | B13: 50 | C13: Mato Grosso do Sul | D13: 10447 | E13: 26304 | G13: 71678 | H13: 130384 | I13: 238640 | J13: 309395 | K13: 572018 | L13: 0 | M13: 1369769 | N13: 1780373 | O13: 1927834 | P13: 2078070 | Q13: 2265274 | R13: 2449024 | S13: 2757013
A14: MT | B14: 51 | C14: Mato Grosso | D14: 49970 | E14: 66523 | F14: 118025 | G14: 114204 | H14: 98228 | I14: 187524 | J14: 212649 | K14: 324845 | L14: 1597009 | M14: 1138918 | N14: 2027231 | O14: 2235832 | P14: 2505245 | Q14: 2854642 | R14: 3035122 | S14: 3658649
A15: PA | B15: 15 | C15: Pará | D15: 272089 | E15: 318107 | F15: 445356 | G15: 752449 | H15: 947030 | I15: 913897 | J15: 1123273 | K15: 1538193 | L15: 2166998 | M15: 3403498 | N15: 4950060 | O15: 5510849 | P15: 6195965 | Q15: 7065573 | R15: 7581051 | S15: 8120131
A16: PB | B16: 25 | C16: Paraíba | D16: 376226 | E16: 457232 | F16: 490784 | G16: 604985 | H16: 961106 | I16: 1422282 | J16: 1713259 | K16: 1991145 | L16: 2382463 | M16: 2770346 | N16: 3201114 | O16: 3305616 | P16: 3444794 | Q16: 3641395 | R16: 3766528 | S16: 3974687
A17: PE | B17: 26 | C17: Pernambuco | D17: 834314 | E17: 1030224 | F17: 1178150 | G17: 1570183 | H17: 2154835 | I17: 2688240 | J17: 3395766 | K17: 4081947 | L17: 5161866 | M17: 6143503 | N17: 7127855 | O17: 7399071 | P17: 7929154 | Q17: 8485386 | R17: 8796448 | S17: 9058931
A18: PI | B18: 22 | C18: Piauí | D18: 181089 | E18: 267609 | F18: 334328 | G18: 428216 | H18: 609003 | I18: 817601 | J18: 1045696 | K18: 1249200 | L18: 1680573 | M18: 2139196 | N18: 2582137 | O18: 2673085 | P18: 2843428 | Q18: 3032421 | R18: 3118360 | S18: 3271199
A19: PR | B19: 41 | C19: Paraná | D19: 126722 | E19: 249491 | F19: 327136 | G19: 511770 | H19: 685711 | I19: 1236276 | J19: 2115547 | K19: 4263721 | L19: 6929821 | M19: 7629849 | N19: 8448713 | O19: 9003804 | P19: 9564643 | Q19: 10284503 | R19: 10444526 | S19: 11444380
A20: RJ | B20: 33 | C20: Rio de Janeiro | D20: 1057696 | E20: 1399535 | F20: 1737478 | G20: 2136956 | H20: 2706970 | I20: 3611998 | J20: 4674645 | K20: 6649646 | L20: 8994802 | M20: 11291631 | N20: 12807706 | O20: 13406308 | P20: 14392106 | Q20: 15420375 | R20: 15989929 | S20: 16055174
A21: RN | B21: 24 | C21: Rio Grande do Norte | D21: 233979 | E21: 268273 | F21: 274317 | G21: 398644 | H21: 537135 | I21: 768018 | J21: 967921 | K21: 1140823 | L21: 1550184 | M21: 1898835 | N21: 2415567 | O21: 2558660 | P21: 2777509 | Q21: 3013740 | R21: 3168027 | S21: 3302729
A22: RO | B22: 11 | C22: Rondônia | H22: 23305 | I22: 14417 | J22: 36935 | K22: 70232 | L22: 111064 | M22: 491025 | N22: 1132692 | O22: 1229306 | P22: 1380952 | Q22: 1453756 | R22: 1562409 | S22: 1581196
A23: RR | B23: 14 | C23: Roraima | E23: 3457 | G23: 23152 | H23: 8914 | I23: 13533 | J23: 18116 | K23: 28871 | L23: 40885 | M23: 79121 | N23: 217583 | O23: 247131 | P23: 324397 | Q23: 395725 | R23: 450479 | S23: 636707
A24: RS | B24: 43 | C24: Rio Grande do Sul | D24: 434813 | E24: 897455 | F24: 1149070 | G24: 1594439 | H24: 2182194 | I24: 3320689 | J24: 4164821 | K24: 5388659 | L24: 6664841 | M24: 7773849 | N24: 9138670 | O24: 9634688 | P24: 10187842 | Q24: 10582840 | R24: 10693929 | S24: 10882965
A25: SC | B25: 42 | C25: Santa Catarina | D25: 159802 | E25: 283769 | F25: 320289 | G25: 450227 | H25: 668743 | I25: 1178340 | J25: 1560502 | K25: 2129252 | L25: 2901660 | M25: 3628292 | N25: 4541994 | O25: 4875244 | P25: 5357864 | Q25: 5866252 | R25: 6248436 | S25: 7610361
A26: SE | B26: 28 | C26: Sergipe | D26: 176243 | E26: 310926 | F26: 356264 | G26: 409931 | H26: 477064 | I26: 542326 | J26: 644361 | K26: 751778 | L26: 900679 | M26: 1140379 | N26: 1491876 | O26: 1624020 | P26: 1784829 | Q26: 1939426 | R26: 2068017 | S26: 2210004
A27: SP | B27: 35 | C27: São Paulo | D27: 837354 | E27: 1384753 | F27: 2282279 | G27: 3455030 | H27: 4592188 | I27: 7180316 | J27: 9134423 | K27: 12823806 | L27: 17770975 | M27: 25042074 | N27: 31588925 | O27: 34119110 | P27: 37035456 | Q27: 39827570 | R27: 41262199 | S27: 44411238
A28: TO | B28: 17 | C28: Tocantins | D28: 37599 | E28: 55152 | G28: 89246 | H28: 111897 | I28: 164396 | J28: 204041 | K28: 323672 | L28: 0 | M28: 0 | N28: 919863 | O28: 1048642 | P28: 1157690 | Q28: 1243627 | R28: 1383445 | S28: 1511460

Sheet pib_2010_state
A1: Sigla | B1: Codigo | C1: Estado | D1: 1939 | E1: 1947 | F1: 1948 | G1: 1949 | H1: 1950 | I1: 1951 | J1: 1952 | K1: 1953 | L1: 1954 | M1: 1955 | N1: 1956 | O1: 1957 | P1: 1958 | Q1: 1959 | R1: 1960 | S1: 1961 | T1: 1962 | U1: 1963 | V1: 1964 | W1: 1965 | X1: 1966 | Y1: 1967 | Z1: 1968 | AA1: 1969 | AB1: 1970 | AC1: 1975 | AD1: 1980 | AE1: 1985 | AF1: 1986 | AG1: 1987 | AH1: 1988 | AI1: 1989 | AJ1: 1990 | AK1: 1991 | AL1: 1992 | AM1: 1993 | AN1: 1994 | AO1: 1995 | AP1: 1996 | AQ1: 1997 | AR1: 1998 | AS1: 1999 | AT1: 2000 | AU1: 2001 | AV1: 2002 | AW1: 2003 | AX1: 2004 | AY1: 2005 | AZ1: 2006 | BA1: 2007 | BB1: 2008 | BC1: 2009 | BD1: 2010 | BE1: 2011 | BF1: 2012 | BG1: 2013 | BH1: 2014 | BI1: 2015 | BJ1: 2016 | BK1: 2017 | BL1: 2018 | BM1: 2019 | BN1: 2020 | BO1: 2021 | BP1: 2022 | BQ1: 2023
A2: AC | B2: 12 | C2: Acre | AB2: 1002208.9 | AC2: 963996.13 | AD2: 2093731.4 | AE2: 2486977 | AF2: 2850661.1 | AG2: 2729036.6 | AH2: 2806751.9 | AI2: 2815572.6 | AJ2: 2898594.5 | AK2: 2834006.2 | AL2: 3044683.9 | AM2: 3146717.2 | AN2: 3667377.6 | AO2: 4265243.7 | AP2: 4248441.5 | AQ2: 4202091.5 | AR2: 4362855.5 | AS2: 4449846.6 | AT2: 4863191.7 | AU2: 5162919 | AV2: 5644716.6 | AW2: 5623480.3 | AX2: 5847495.7 | AY2: 6186073 | AZ2: 6280230.3 | BA2: 6908242.2 | BB2: 7458515.1 | BC2: 8031806.8 | BD2: 8342356 | BE2: 8262140.2 | BF2: 8670638.3 | BG2: 9128245 | BH2: 9928216.6 | BI2: 9342409.8 | BJ2: 8725471.3 | BK2: 8733872.9 | BL2: 8977965.8 | BM2: 8782023.8 | BN2: 8694793.5 | BO2: 9977503.5 | BP2: 10179759 | BQ2: 10749557
A3: AL | B3: 27 | C3: Alagoas | D3: 1065466.7 | E3: 1604315.3 | F3: 1694613 | G3: 1798286.4 | H3: 1790502.2 | I3: 1901336.5 | J3: 1893912.8 | K3: 1885108.9 | L3: 1932123.3 | M3: 1997566.9 | N3: 2309073.3 | O3: 2646150.8 | P3: 3045008.7 | Q3: 3219890.8 | R3: 3462799.7 | S3: 3836398.9 | T3: 4078016.9 | U3: 4210969.3 | V3: 4269676.2 | W3: 4238181 | X3: 4162834.6 | Y3: 1329540.6 | Z3: 1412591.1 | AA3: 1550232.7 | AB3: 5315583.3 | AC3: 7917356.5 | AD3: 11885468 | AE3: 16339942 | AF3: 16152668 | AG3: 17656896 | AH3: 14490757 | AI3: 12637480 | AJ3: 14786576 | AK3: 15041856 | AL3: 15192301 | AM3: 14628035 | AN3: 15959446 | AO3: 16054667 | AP3: 15627525 | AQ3: 16790818 | AR3: 17191397 | AS3: 16533266 | AT3: 17537581 | AU3: 17705297 | AV3: 21917088 | AW3: 21020451 | AX3: 21703876 | AY3: 22273357 | AZ3: 23434866 | BA3: 25150457 | BB3: 25902817 | BC3: 26219352 | BD3: 27133038 | BE3: 29226119 | BF3: 29635360 | BG3: 29660636 | BH3: 30226446 | BI3: 31798266 | BJ3: 31382183 | BK3: 32340532 | BL3: 31864494 | BM3: 33129898 | BN3: 33352695 | BO3: 35600488 | BP3: 32705149 | BQ3: 36670514
A4: AM | B4: 13 | C4: Amazonas | D4: 1306972.5 | E4: 1707321 | F4: 1534147.5 | G4: 1573781.2 | H4: 1510285.5 | I4: 1732135 | J4: 1814336.7 | K4: 1717543.6 | L4: 1800387.6 | M4: 1909004.8 | N4: 2533566.5 | O4: 2909343.3 | P4: 2975372.3 | Q4: 3117376.2 | R4: 3656003.1 | S4: 4719598.7 | T4: 3820844.7 | U4: 3552040.1 | V4: 3699299.7 | W4: 3896392.2 | X4: 3840710.5 | Y4: 1122862.1 | Z4: 1311776.4 | AA4: 1515542.2 | AB4: 5382028.1 | AC4: 9341818.2 | AD4: 19874706 | AE4: 29035793 | AF4: 36136776 | AG4: 38250948 | AH4: 38871490 | AI4: 38667541 | AJ4: 38060879 | AK4: 35610229 | AL4: 33260302 | AM4: 41763275 | AN4: 39314772 | AO4: 34717201 | AP4: 36368043 | AQ4: 33967417 | AR4: 33985845 | AS4: 33218538 | AT4: 37811752 | AU4: 37651010 | AV4: 41971726 | AW4: 43063406 | AX4: 48045076 | AY4: 48879020 | AZ4: 53796688 | BA4: 55031026 | BB4: 55983487 | BC4: 54818666 | BD4: 60877123 | BE4: 65302179 | BF4: 61786838 | BG4: 66072567 | BH4: 63933753 | BI4: 59367775 | BJ4: 56485423 | BK4: 57055373 | BL4: 58624361 | BM4: 60783614 | BN4: 61224796 | BO4: 61398165 | BP4: 62404395 | BQ4: 66152030
A5: AP | B5: 16 | C5: Amapá | AB5: 875963.83 | AC5: 745357.83 | AD5: 1464037.8 | AE5: 2300008.1 | AF5: 2346588 | AG5: 2484644 | AH5: 2901533.4 | AI5: 3931050.3 | AJ5: 3368817.8 | AK5: 3398740.3 | AL5: 3693589.3 | AM5: 3607236.7 | AN5: 4177172.4 | AO5: 5194339.4 | AP5: 5295658.3 | AQ5: 5484742.1 | AR5: 5248631.5 | AS5: 5073895 | AT5: 5320892.5 | AU5: 5844493.4 | AV5: 6028545 | AW5: 5683359.4 | AX5: 5910447.4 | AY5: 6194457.6 | AZ5: 7114146.6 | BA5: 7609867.4 | BB5: 8087004.3 | BC5: 8121619.3 | BD5: 8237795 | BE5: 8686623.2 | BF5: 9519870.3 | BG5: 10154169 | BH5: 9885125.7 | BI5: 9505965 | BJ5: 9098422.5 | BK5: 9473661.8 | BL5: 9835339.1 | BM5: 9830833.5 | BN5: 9746390.3 | BO5: 9382530.2 | BP5: 10153168 | BQ5: 11456399
A6: BA | B6: 29 | C6: Bahia | D6: 5391261.6 | E6: 7261908.5 | F6: 7464077.4 | G6: 7476022.2 | H6: 7973812.8 | I6: 7954215 | J6: 8148599.7 | K6: 8922848.6 | L6: 10637656 | M6: 11021059 | N6: 11304838 | O6: 12519423 | P6: 14433721 | Q6: 16402338 | R6: 18205707 | S6: 17443195 | T6: 18351076 | U6: 17296891 | V6: 20261950 | W6: 21840304 | X6: 23168157 | Y6: 7725636.2 | Z6: 8201752.1 | AA6: 8948070.5 | AB6: 29789415 | AC6: 46709091 | AD6: 77765199 | AE6: 1.0202433e+08 | AF6: 1.0541927e+08 | AG6: 99847456 | AH6: 1.0140606e+08 | AI6: 98809706 | AJ6: 94041247 | AK6: 93022852 | AL6: 92233089 | AM6: 95645785 | AN6: 1.0013498e+08 | AO6: 91115563 | AP6: 94393187 | AQ6: 98690775 | AR6: 97432265 | AS6: 99849597 | AT6: 1.0502387e+08 | AU6: 1.0658013e+08 | AV6: 1.117867e+08 | AW6: 1.1185276e+08 | AX6: 1.2042946e+08 | AY6: 1.2700145e+08 | AZ6: 1.2844937e+08 | BA6: 1.3837506e+08 | BB6: 1.4156356e+08 | BC6: 1.4956184e+08 | BD6: 154419547 | BE6: 1.5380814e+08 | BF6: 1.5614836e+08 | BG6: 1.6296672e+08 | BH6: 1.6518873e+08 | BI6: 1.6804902e+08 | BJ6: 1.6413989e+08 | BK6: 1.6443717e+08 | BL6: 1.67623e+08 | BM6: 1.6476278e+08 | BN6: 1.6112173e+08 | BO6: 1.6460061e+08 | BP6: 1.7312138e+08 | BQ6: 1.7621512e+08
A7: CE | B7: 23 | C7: Ceará | D7: 2507398.4 | E7: 3090173.8 | F7: 3330875 | G7: 3659434.3 | H7: 4409291.8 | I7: 3506134.2 | J7: 4185706.5 | K7: 3728326.4 | L7: 3985004.3 | M7: 4398583.3 | N7: 5203432.5 | O7: 5761780.1 | P7: 4083223.7 | Q7: 7222620.5 | R7: 8434072.2 | S7: 8831997.5 | T7: 10580801 | U7: 10398726 | V7: 11407532 | W7: 11791713 | X7: 11249565 | Y7: 3918198.7 | Z7: 4186416.6 | AA7: 4280789.6 | AB7: 11295614 | AC7: 16331618 | AD7: 27667165 | AE7: 32839080 | AF7: 35633051 | AG7: 33941846 | AH7: 34234105 | AI7: 33695187 | AJ7: 33888590 | AK7: 38711049 | AL7: 38551063 | AM7: 40221693 | AN7: 44033244 | AO7: 47373401 | AP7: 49915142 | AQ7: 50084578 | AR7: 49490908 | AS7: 49429157 | AT7: 51034492 | AU7: 51172498 | AV7: 54558495 | AW7: 54428283 | AX7: 57008117 | AY7: 59061046 | AZ7: 62643676 | BA7: 64319745 | BB7: 70295249 | BC7: 72860438 | BD7: 79336299 | BE7: 82807417 | BF7: 82938505 | BG7: 86745553 | BH7: 92987903 | BI7: 89584916 | BJ7: 87813047 | BK7: 90515884 | BL7: 91297891 | BM7: 91907924 | BN7: 88082954 | BO7: 90971450 | BP7: 91839452 | BQ7: 94954113
A8: DF | B8: 53 | C8: Distrito Federal | D8: 0 | E8: 0 | M8: 0 | R8: 50403.097 | S8: 580915.14 | T8: 1053050.1 | U8: 551390.49 | V8: 725287.69 | W8: 572684.54 | X8: 545675.82 | Y8: 679532.65 | Z8: 746405.42 | AA8: 864917.61 | AB8: 9889199.7 | AC8: 17358556 | AD8: 35931894 | AE8: 26046898 | AF8: 30056829 | AG8: 29885030 | AH8: 30284006 | AI8: 33681923 | AJ8: 33712955 | AK8: 48960095 | AL8: 42576560 | AM8: 42638012 | AN8: 45330958 | AO8: 1.073403e+08 | AP8: 1.1251419e+08 | AQ8: 1.1833935e+08 | AR8: 1.2176185e+08 | AS8: 1.159084e+08 | AT8: 1.0491479e+08 | AU8: 1.0747188e+08 | AV8: 1.0240048e+08 | AW8: 97336121 | AX8: 1.0365467e+08 | AY8: 1.0893595e+08 | AZ8: 1.1405301e+08 | BA8: 1.182186e+08 | BB8: 1.2833669e+08 | BC8: 1.3479596e+08 | BD8: 144174102 | BE8: 1.4269845e+08 | BF8: 1.4035055e+08 | BG8: 1.3994505e+08 | BH8: 1.4564174e+08 | BI8: 1.4786559e+08 | BJ8: 1.4942286e+08 | BK8: 1.4975001e+08 | BL8: 1.4922195e+08 | BM8: 1.5373509e+08 | BN8: 1.4029107e+08 | BO8: 1.3394422e+08 | BP8: 1.4136591e+08 | BQ8: 1.4950868e+08
A9: ES | B9: 32 | C9: Espírito Santo | D9: 1427725.4 | E9: 1939084.1 | F9: 2037425.7 | G9: 2783864.1 | H9: 2760958.4 | I9: 3715455.7 | J9: 2832911.6 | K9: 3141848.1 | L9: 3282414 | M9: 3473601.6 | N9: 3455592.3 | O9: 3883866.6 | P9: 3855322.9 | Q9: 4175140.6 | R9: 4495694.9 | S9: 4139998.8 | T9: 4684208.6 | U9: 4818419.6 | V9: 6735876 | W9: 6049661.6 | X9: 6541597.3 | Y9: 2059336 | Z9: 2503475.9 | AA9: 2351063.8 | AB9: 9202603.6 | AC9: 13118298 | AD9: 26368422 | AE9: 32732893 | AF9: 36114069 | AG9: 31171834 | AH9: 32159127 | AI9: 37189842 | AJ9: 34702934 | AK9: 35022597 | AL9: 35440845 | AM9: 36381169 | AN9: 42598170 | AO9: 48472740 | AP9: 46592408 | AQ9: 47913091 | AR9: 47364815 | AS9: 47305750 | AT9: 52482545 | AU9: 50757224 | AV9: 51386218 | AW9: 52482911 | AX9: 61399642 | AY9: 67635696 | AZ9: 72024733 | BA9: 76773485 | BB9: 83880124 | BC9: 75045605 | BD9: 85310285 | BE9: 97837518 | BF9: 99938511 | BG9: 93299242 | BH9: 95001260 | BI9: 82546036 | BJ9: 69315613 | BK9: 69391489 | BL9: 80239482 | BM9: 77170248 | BN9: 73059699 | BO9: 86981139 | BP9: 78488340 | BQ9: 85791680
A10: GO | B10: 52 | C10: Goiás | D10: 1413519.2 | E10: 1565688.1 | F10: 1750532.8 | G10: 1917274.2 | H10: 2472500.1 | I10: 3052604.4 | J10: 2530522.2 | K10: 3602652.5 | L10: 3578819.3 | M10: 4300181 | N10: 4273389.1 | O10: 4225305.4 | P10: 5064463.5 | Q10: 6011084.1 | R10: 6056184 | S10: 7369197.9 | T10: 9313308.9 | U10: 9420628 | V10: 10375422 | W10: 10356200 | X10: 10456644 | Y10: 3500875.7 | Z10: 3728690.6 | AA10: 3593468.6 | AB10: 11849321 | AC10: 19279923 | AD10: 30658210 | AE10: 34408604 | AF10: 41374541 | AG10: 37355798 | AH10: 36949500 | AI10: 31800192 | AJ10: 36677377 | AK10: 39836843 | AL10: 36743146 | AM10: 40265750 | AN10: 45546528 | AO10: 49859820 | AP10: 51583453 | AQ10: 53562920 | AR10: 54383821 | AS10: 52904283 | AT10: 59255901 | AU10: 62397449 | AV10: 73385973 | AW10: 75859087 | AX10: 78971749 | AY10: 77481048 | AZ10: 82682888 | BA10: 90382183 | BB10: 95895193 | BC10: 1.0068814e+08 | BD10: 106770109 | BE10: 1.1198144e+08 | BF10: 1.1867507e+08 | BG10: 1.2036896e+08 | BH10: 1.2172855e+08 | BI10: 1.1907576e+08 | BJ10: 1.153054e+08 | BK10: 1.1745667e+08 | BL10: 1.1459199e+08 | BM10: 1.1724663e+08 | BN10: 1.1827424e+08 | BO10: 1.2586122e+08 | BP10: 1.3697886e+08 | BQ10: 1.3768348e+08
A11: MA | B11: 21 | C11: Maranhão | D11: 1470344.1 | E11: 1326199.6 | F11: 1526853.6 | G11: 1391932.1 | H11: 1658635.5 | I11: 1796675.8 | J11: 2005319.5 | K11: 2220239.3 | L11: 2360264.3 | M11: 2469898 | N11: 2541584.1 | O11: 2752850.5 | P11: 3317223.6 | Q11: 4161161.3 | R11: 4755776.4 | S11: 4995598.6 | T11: 5988439.2 | U11: 5477348.8 | V11: 5595122.8 | W11: 5742051.6 | X11: 6070800.5 | Y11: 2042467.7 | Z11: 2073769.8 | AA11: 2093922.8 | AB11: 6445144.7 | AC11: 9209310.1 | AD11: 15191359 | AE11: 14155251 | AF11: 16484601 | AG11: 15182045 | AH11: 16386699 | AI11: 17001626 | AJ11: 16698332 | AK11: 17201064 | AL11: 16950697 | AM11: 17191705 | AN11: 19136987 | AO11: 22031808 | AP11: 24688840 | AQ11: 24990047 | AR11: 24154596 | AS11: 24574936 | AT11: 26883785 | AU11: 27991864 | AV11: 30251558 | AW11: 32474556 | AX11: 34193501 | AY11: 36110579 | AZ11: 40025184 | BA11: 38895122 | BB11: 44135435 | BC11: 44447682 | BD11: 46309633 | BE11: 48139044 | BF11: 51735228 | BG11: 53855578 | BH11: 56684851 | BI11: 53818216 | BJ11: 54119332 | BK11: 54792846 | BL11: 57494298 | BM11: 54692305 | BN11: 56420932 | BO11: 58340503 | BP11: 60103549 | BQ11: 61013526
A12: MG | B12: 31 | C12: Minas Gerais | D12: 12004258 | E12: 19107575 | F12: 21200898 | G12: 21260640 | H12: 22252501 | I12: 23897532 | J12: 24350308 | K12: 27229350 | L12: 28762290 | M12: 29815900 | N12: 31108348 | O12: 33930483 | P12: 35704468 | Q12: 39002151 | R12: 42727679 | S12: 46091987 | T12: 51618142 | U12: 46330958 | V12: 53452435 | W12: 54344417 | X12: 59221278 | Y12: 18671796 | Z12: 19489576 | AA12: 21139920 | AB12: 64783671 | AC12: 1.0666899e+08 | AD12: 1.6913729e+08 | AE12: 1.8333101e+08 | AF12: 1.9410627e+08 | AG12: 2.0890904e+08 | AH12: 2.0495774e+08 | AI12: 2.0945066e+08 | AJ12: 1.9450315e+08 | AK12: 2.0129427e+08 | AL12: 2.0067065e+08 | AM12: 2.0803464e+08 | AN12: 2.3241136e+08 | AO12: 2.1007324e+08 | AP12: 2.1582596e+08 | AQ12: 2.2371113e+08 | AR12: 2.1610354e+08 | AS12: 2.1405931e+08 | AT12: 2.2712732e+08 | AU12: 2.3219092e+08 | AV12: 2.3570348e+08 | AW12: 2.4009131e+08 | AX12: 2.655956e+08 | AY12: 2.7094854e+08 | AZ12: 2.8648782e+08 | BA12: 3.0421031e+08 | BB12: 3.2416793e+08 | BC12: 3.1165622e+08 | BD12: 351123418 | BE12: 3.6939613e+08 | BF12: 3.7827016e+08 | BG12: 3.8823911e+08 | BH12: 3.8111072e+08 | BI12: 3.5615324e+08 | BJ12: 3.456191e+08 | BK12: 3.5269471e+08 | BL12: 3.6007369e+08 | BM12: 3.6626713e+08 | BN12: 3.6031504e+08 | BO12: 4.003211e+08 | BP12: 3.8985667e+08 | BQ12: 3.9740596e+08
A13: MS | B13: 50 | C13: Mato Grosso do Sul | AC13: 9971231.5 | AD13: 19638571 | AE13: 18091563 | AF13: 22197873 | AG13: 21182185 | AH13: 20494770 | AI13: 20458093 | AJ13: 20084239 | AK13: 20904622 | AL13: 19823006 | AM13: 21374610 | AN13: 25731958 | AO13: 22161090 | AP13: 22475626 | AQ13: 23535734 | AR13: 23875874 | AS13: 24250597 | AT13: 25555211 | AU13: 27432405 | AV13: 31232626 | AW13: 36377027 | AX13: 36117696 | AY13: 34127058 | AZ13: 35926094 | BA13: 38077372 | BB13: 42142149 | BC13: 42846455 | BD13: 47270656 | BE13: 50899075 | BF13: 53037879 | BG13: 55055572 | BH13: 58239959 | BI13: 56977359 | BJ13: 58295005 | BK13: 58986736 | BL13: 62641549 | BM13: 60088107 | BN13: 64712233 | BO13: 66380152 | BP13: 71548266 | BQ13: 75395262
A14: MT | B14: 51 | C14: Mato Grosso | D14: 1115188.5 | E14: 1238644.7 | F14: 1680025.2 | G14: 1641132.8 | H14: 1304243.8 | I14: 1430363.2 | J14: 2100810.9 | K14: 2653116.2 | L14: 3095788.5 | M14: 3020951 | N14: 3094799.6 | O14: 3101402.6 | P14: 4216165.9 | Q14: 3592671.2 | R14: 4347076.9 | S14: 5657998.4 | T14: 6576261.5 | U14: 5364095.3 | V14: 6192660.2 | W14: 6391450.3 | X14: 5525667.4 | Y14: 1711807.5 | Z14: 1876875.2 | AA14: 2161755.6 | AB14: 8527081.5 | AC14: 5399703.4 | AD14: 10901571 | AE14: 13100618 | AF14: 16689868 | AG14: 16623607 | AH14: 18261092 | AI14: 18403355 | AJ14: 17470005 | AK14: 19311881 | AL14: 20041143 | AM14: 23474399 | AN14: 25821782 | AO14: 25235177 | AP14: 25169574 | AQ14: 27202901 | AR14: 27209696 | AS14: 29477998 | AT14: 33569499 | AU14: 34020735 | AV14: 36457362 | AW14: 44453715 | AX14: 51596181 | AY14: 49276282 | AZ14: 41358235 | BA14: 48130349 | BB14: 57248522 | BC14: 57131962 | BD14: 56600955 | BE14: 63843109 | BF14: 68135481 | BG14: 70974582 | BH14: 74678713 | BI14: 73666633 | BJ14: 78587691 | BK14: 77619318 | BL14: 80487074 | BM14: 79853978 | BN14: 94275680 | BO14: 1.0894562e+08 | BP14: 1.0986616e+08 | BQ14: 1.116232e+08
A15: PA | B15: 15 | C15: Pará | D15: 1868118.3 | E15: 2219774.9 | F15: 2178440.8 | G15: 1919519.2 | H15: 2101625.1 | I15: 2319979.4 | J15: 2466861.2 | K15: 2429695.9 | L15: 2667647.5 | M15: 2991430.3 | N15: 3648015.1 | O15: 4886843.1 | P15: 4849223.8 | Q15: 4706352.7 | R15: 5907566 | S15: 6899998 | T15: 6429305.9 | U15: 6527517.1 | V15: 6464268.1 | W15: 7006670.2 | X15: 7730978.6 | Y15: 2425948.4 | Z15: 2723196.1 | AA15: 2899513.6 | AB15: 8593526.3 | AC15: 12952663 | AD15: 27903300 | AE15: 29036764 | AF15: 35610495 | AG15: 37398397 | AH15: 35724237 | AI15: 45217549 | AJ15: 43063777 | AK15: 43060825 | AL15: 37157877 | AM15: 52068287 | AN15: 55413067 | AO15: 37919743 | AP15: 38871711 | AQ15: 38667509 | AR15: 38860134 | AS15: 39345571 | AT15: 43004869 | AU15: 46560031 | AV15: 50309370 | AW15: 50403260 | AX15: 57598290 | AY15: 58289235 | AZ15: 61946795 | BA15: 65621014 | BB15: 70925188 | BC15: 66859356 | BD15: 82684518 | BE15: 91130003 | BF15: 91582804 | BG15: 96442118 | BH15: 91903861 | BI15: 89769844 | BJ15: 87613212 | BK15: 94989539 | BL15: 94486960 | BM15: 1.0022452e+08 | BN15: 1.13952e+08 | BO15: 1.22723e+08 | BP15: 1.0153123e+08 | BQ15: 1.0407473e+08
A16: PB | B16: 25 | C16: Paraíba | D16: 1555581.4 | E16: 2248101.5 | F16: 2625799.2 | G16: 2783864.1 | H16: 3111229.3 | I16: 3017717.5 | J16: 2928403 | K16: 2527442.2 | L16: 2953074.8 | M16: 3188234.9 | N16: 3471627.5 | O16: 3528201.1 | P16: 3450165.8 | Q16: 4846145.3 | R16: 6093338.5 | S16: 6209998.2 | T16: 7678428.2 | U16: 6980530.9 | V16: 7224770.2 | W16: 7587711.1 | X16: 5996464.2 | Y16: 2132095.4 | Z16: 2008038.8 | AA16: 1983483.7 | AB16: 5570288.3 | AC16: 8778658.9 | AD16: 11728044 | AE16: 13689375 | AF16: 15663505 | AG16: 15471506 | AH16: 14567494 | AI16: 15236534 | AJ16: 17689245 | AK16: 17880583 | AL16: 15598357 | AM16: 16730671 | AN16: 18965841 | AO16: 17869416 | AP16: 18727333 | AQ16: 19467281 | AR16: 19690502 | AS16: 20019523 | AT16: 21079071 | AU16: 22628834 | AV16: 24216099 | AW16: 24540320 | AX16: 24350894 | AY16: 25254793 | AZ16: 28072278 | BA16: 28996251 | BB16: 31286787 | BC16: 32776815 | BD16: 33522492 | BE16: 34259250 | BF16: 36338906 | BG16: 36896107 | BH16: 39050201 | BI16: 38501664 | BJ16: 37495134 | BK16: 38181725 | BL16: 37697430 | BM16: 38199275 | BN16: 37094013 | BO16: 36162842 | BP16: 37016932 | BQ16: 39644685
A17: PE | B17: 26 | C17: Pernambuco | D17: 5327333.6 | E17: 6772631 | F17: 7439764.5 | G17: 7565824.3 | H17: 8138646.1 | I17: 8669396.6 | J17: 8164515 | K17: 8294479 | L17: 8990960.2 | M17: 9259657.5 | N17: 10422900 | O17: 11594693 | P17: 12914382 | Q17: 13746278 | R17: 14936110 | S17: 16394395 | T17: 18149012 | U17: 19459002 | V17: 19555769 | W17: 19823750 | X17: 19872580 | Y17: 6659158.7 | Z17: 6633666.8 | AA17: 7224512 | AB17: 22812712 | AC17: 34120825 | AD17: 45426494 | AE17: 49965181 | AF17: 57934820 | AG17: 58696984 | AH17: 55379056 | AI17: 55269134 | AJ17: 55646270 | AK17: 61099349 | AL17: 56067744 | AM17: 56897323 | AN17: 60451052 | AO17: 55894854 | AP17: 58204541 | AQ17: 59409877 | AR17: 59921787 | AS17: 59311317 | AT17: 60858876 | AU17: 63087599 | AV17: 68497295 | AW17: 64632814 | AX17: 69512643 | AY17: 72267054 | AZ17: 74747929 | BA17: 79052867 | BB17: 81928632 | BC17: 86479493 | BD17: 97189760 | BE17: 1.0170143e+08 | BF17: 1.0946488e+08 | BG17: 1.1229405e+08 | BH17: 1.1444568e+08 | BI17: 1.0764444e+08 | BJ17: 1.0616103e+08 | BK17: 1.1113017e+08 | BL17: 1.0912845e+08 | BM17: 1.111677e+08 | BN17: 1.0201076e+08 | BO17: 1.0307487e+08 | BP17: 1.0569588e+08 | BQ17: 1.1058727e+08
A18: PI | B18: 22 | C18: Piauí | D18: 1022848.1 | E18: 1153664.9 | F18: 904441.96 | G18: 889040.48 | H18: 902462.53 | I18: 917525.67 | J18: 1045630.9 | K18: 948139.94 | L18: 957279.28 | M18: 1052904.7 | N18: 1194624.7 | O18: 1315962.1 | P18: 1272446.5 | Q18: 1649553.3 | R18: 1761123.5 | S18: 2144519.4 | T18: 2700308.5 | U18: 2151815.6 | V18: 2553114.3 | W18: 2594176.9 | X18: 2676108 | Y18: 982313.82 | Z18: 966287.17 | AA18: 940719.98 | AB18: 2879274.3 | AC18: 4538401 | AD18: 6769206.8 | AE18: 7513683.2 | AF18: 8747082.7 | AG18: 8446572.6 | AH18: 7898345.1 | AI18: 8179063.5 | AJ18: 9373306.6 | AK18: 9634427.1 | AL18: 8675598.6 | AM18: 9896230.5 | AN18: 10798241 | AO18: 12358499 | AP18: 12687722 | AQ18: 12786207 | AR18: 12747218 | AS18: 12828663 | AT18: 13686306 | AU18: 13501233 | AV18: 13531196 | AW18: 14011771 | AX18: 14535993 | AY18: 15408194 | AZ18: 17998789 | BA18: 17385345 | BB18: 18853050 | BC18: 20542373 | BD18: 22269149 | BE18: 23949131 | BF18: 24492883 | BG18: 24888099 | BH18: 27827881 | BI18: 26848545 | BJ18: 26274247 | BK18: 27760002 | BL18: 29501799 | BM18: 29655893 | BN18: 29758394 | BO18: 29888157 | BP18: 31315823 | BQ18: 33083934
A19: PR | B19: 41 | C19: Paraná | D19: 3473421.5 | E19: 6412110.7 | F19: 7585642.2 | G19: 8486295.5 | H19: 10322688 | I19: 10570733 | J19: 12429798 | K19: 13363327 | L19: 12295330 | M19: 16531588 | N19: 13549770 | O19: 16360610 | P19: 20827606 | Q19: 25302470 | R19: 27568641 | S19: 28427992 | T19: 32330224 | U19: 27798575 | V19: 29279332 | W19: 34520668 | X19: 34442501 | Y19: 11895470 | Z19: 11926605 | AA19: 14611302 | AB19: 42524666 | AC19: 82817537 | AD19: 1.0337917e+08 | AE19: 1.1286654e+08 | AF19: 1.2210436e+08 | AG19: 1.2664425e+08 | AH19: 1.2517174e+08 | AI19: 1.3715697e+08 | AJ19: 1.3278374e+08 | AK19: 1.2420389e+08 | AL19: 1.2325746e+08 | AM19: 1.3060052e+08 | AN19: 1.4247883e+08 | AO19: 1.3857933e+08 | AP19: 1.4028918e+08 | AQ19: 1.4323303e+08 | AR19: 1.47033e+08 | AS19: 1.5111981e+08 | AT19: 1.5605928e+08 | AU19: 1.5938954e+08 | AV19: 1.6762543e+08 | AW19: 1.8322819e+08 | AX19: 1.9077212e+08 | AY19: 1.8334842e+08 | AZ19: 1.854352e+08 | BA19: 2.0909987e+08 | BB19: 2.1604848e+08 | BC19: 2.1324226e+08 | BD19: 225205255 | BE19: 2.3737593e+08 | BF19: 2.4428169e+08 | BG19: 2.6530558e+08 | BH19: 2.5677486e+08 | BI19: 2.5851812e+08 | BJ19: 2.5490452e+08 | BK19: 2.5792223e+08 | BL19: 2.5768294e+08 | BM19: 2.6204285e+08 | BN19: 2.5748727e+08 | BO19: 2.5672524e+08 | BP19: 2.6425723e+08 | BQ19: 2.7431423e+08
A20: RJ | B20: 33 | C20: Rio de Janeiro | D20: 25145015 | E20: 31416767 | F20: 34281268 | G20: 38165879 | H20: 39972085 | I20: 41340986 | J20: 43926045 | K20: 45102975 | L20: 48412863 | M20: 52350030 | N20: 56363837 | O20: 58115732 | P20: 65204968 | Q20: 68032425 | R20: 73194371 | S20: 80315977 | T20: 79172310 | U20: 87411073 | V20: 87457745 | W20: 86130775 | X20: 91681477 | Y20: 30761392 | Z20: 31782815 | AA20: 34737422 | AB20: 1.3067476e+08 | AC20: 1.9346177e+08 | AD20: 2.4653687e+08 | AE20: 2.4211292e+08 | AF20: 2.3765165e+08 | AG20: 2.3636929e+08 | AH20: 2.332877e+08 | AI20: 2.256938e+08 | AJ20: 2.2721843e+08 | AK20: 2.5956366e+08 | AL20: 2.5387444e+08 | AM20: 2.5971017e+08 | AN20: 2.6491707e+08 | AO20: 2.7218524e+08 | AP20: 2.7558726e+08 | AQ20: 2.8213066e+08 | AR20: 2.9400488e+08 | AS20: 3.0329054e+08 | AT20: 3.154896e+08 | AU20: 3.1726108e+08 | AV20: 3.5014388e+08 | AW20: 3.3742005e+08 | AX20: 3.7274161e+08 | AY20: 3.8813092e+08 | AZ20: 4.0379725e+08 | BA20: 4.0969507e+08 | BB20: 4.4014635e+08 | BC20: 4.2464093e+08 | BD20: 449858101 | BE20: 4.7338863e+08 | BF20: 4.9168047e+08 | BG20: 4.9979401e+08 | BH20: 4.9504018e+08 | BI20: 4.5203228e+08 | BJ20: 4.0626035e+08 | BK20: 4.1096776e+08 | BL20: 4.4439083e+08 | BM20: 4.3821741e+08 | BN20: 3.978025e+08 | BO20: 4.4312982e+08 | BP20: 4.959625e+08 | BQ20: 4.7954411e+08
A21: RN | B21: 24 | C21: Rio Grande do Norte | D21: 1001538.7 | E21: 1542511.8 | F21: 1621674.2 | G21: 1762365.6 | H21: 1901764.7 | I21: 2093214.5 | J21: 1973489 | K21: 1577905.9 | L21: 1745497.8 | M21: 1977886.5 | N21: 2325108.5 | O21: 2304712 | P21: 2051107.7 | Q21: 3322405.4 | R21: 3826913.8 | S21: 3946798.9 | T21: 4610730.8 | U21: 4694870.4 | V21: 4644495.2 | W21: 4819221.9 | X21: 4955755.5 | Y21: 1783957.7 | Z21: 1666668.1 | AA21: 1642940.5 | AB21: 4197096 | AC21: 7387324.3 | AD21: 11373842 | AE21: 14883309 | AF21: 15013863 | AG21: 15271015 | AH21: 14447516 | AI21: 16494652 | AJ21: 15030625 | AK21: 16596890 | AL21: 15088639 | AM21: 17130653 | AN21: 17477646 | AO21: 17044638 | AP21: 18277229 | AQ21: 19186801 | AR21: 18849839 | AS21: 19351368 | AT21: 20587521 | AU21: 21575150 | AV21: 25773477 | AW21: 24752657 | AX21: 26660476 | AY21: 28720959 | AZ21: 30836809 | BA21: 33310220 | BB21: 33624650 | BC21: 33547324 | BD21: 36184502 | BE21: 37844773 | BF21: 39694856 | BG21: 40986227 | BH21: 39851397 | BI21: 39262191 | BJ21: 37858387 | BK21: 39350011 | BL21: 39217638 | BM21: 40081934 | BN21: 37772163 | BO21: 37428047 | BP21: 40338413 | BQ21: 41597866
A22: RO | B22: 11 | C22: Rondônia | AB22: 812841.28 | AC22: 1477464.9 | AD22: 4840770 | AE22: 9057871.8 | AF22: 11095005 | AG22: 10659757 | AH22: 10081844 | AI22: 11649084 | AJ22: 10250398 | AK22: 8910151.6 | AL22: 8366131.4 | AM22: 9727616.7 | AN22: 10190951 | AO22: 10814145 | AP22: 11191623 | AQ22: 12126170 | AR22: 12356581 | AS22: 12872720 | AT22: 13423115 | AU22: 13660068 | AV22: 14186599 | AW22: 15693718 | AX22: 17005692 | AY22: 17997345 | AZ22: 17586872 | BA22: 18274213 | BB22: 20112223 | BC22: 21386514 | BD22: 23907887 | BE22: 25457046 | BF22: 25754432 | BG22: 24759074 | BH22: 25103985 | BI22: 25074844 | BJ22: 25033025 | BK22: 26628324 | BL22: 26301802 | BM22: 26459167 | BN22: 27229321 | BO22: 27153569 | BP22: 28719281 | BQ22: 31260127
A23: RR | B23: 14 | C23: Roraima | AB23: 258027.27 | AC23: 407462.28 | AD23: 743825.63 | AE23: 1293287.4 | AF23: 1696203.2 | AG23: 1799853 | AH23: 1873372.2 | AI23: 2302175.4 | AJ23: 2346674.5 | AK23: 1983169.9 | AL23: 1790526.5 | AM23: 1501153.1 | AN23: 1594800 | AO23: 3462416.2 | AP23: 3456583.3 | AQ23: 3469374.2 | AR23: 3468570.1 | AS23: 3741926.4 | AT23: 4010712.9 | AU23: 4240899.2 | AV23: 4544254.6 | AW23: 4319441.1 | AX23: 4362063 | AY23: 4593516.8 | AZ23: 5122536 | BA23: 5319991.5 | BB23: 5633644.9 | BC23: 6149744.6 | BD23: 6639150 | BE23: 6742812 | BF23: 6595367.5 | BG23: 7168607.9 | BH23: 7188047 | BI23: 7024503.2 | BJ23: 6986622.5 | BK23: 7407092.2 | BL23: 7829517.4 | BM23: 8030361 | BN23: 8456217.2 | BO23: 8496891.7 | BP23: 9070124.1 | BQ23: 10272611
A24: RS | B24: 43 | C24: Rio Grande do Sul | D24: 12217352 | E24: 16583933 | F24: 16775940 | G24: 18297171 | H24: 18935230 | I24: 19536668 | J24: 21167261 | K24: 24157321 | L24: 25249339 | M24: 27946257 | N24: 30226410 | O24: 31014026 | P24: 33108930 | Q24: 35087956 | R24: 37897593 | S24: 40571988 | T24: 45005141 | U24: 45198423 | V24: 47096811 | W24: 47508642 | X24: 50300918 | Y24: 15785846 | Z24: 16646469 | AA24: 18495884 | AB24: 67330722 | AC24: 1.076628e+08 | AD24: 1.4219585e+08 | AE24: 1.5019603e+08 | AF24: 1.6690224e+08 | AG24: 1.6875084e+08 | AH24: 1.7154579e+08 | AI24: 1.7904478e+08 | AJ24: 1.7021547e+08 | AK24: 1.6367386e+08 | AL24: 1.8032183e+08 | AM24: 1.9732813e+08 | AN24: 2.0819053e+08 | AO24: 1.719733e+08 | AP24: 1.7116463e+08 | AQ24: 1.7559203e+08 | AR24: 1.7425667e+08 | AS24: 1.7645401e+08 | AT24: 1.8469271e+08 | AU24: 1.9254835e+08 | AV24: 1.8778457e+08 | AW24: 1.9869041e+08 | AX24: 2.0273395e+08 | AY24: 1.9614793e+08 | AZ24: 1.9887222e+08 | BA24: 2.1264483e+08 | BB24: 2.2133784e+08 | BC24: 2.2155761e+08 | BD24: 241249164 | BE24: 2.4470076e+08 | BF24: 2.4596385e+08 | BG24: 2.6436011e+08 | BH24: 2.6395413e+08 | BI24: 2.619675e+08 | BJ24: 2.5932958e+08 | BK24: 2.5900666e+08 | BL24: 2.6779314e+08 | BM24: 2.7108172e+08 | BN24: 2.4852209e+08 | BO24: 2.7134091e+08 | BP24: 2.5523791e+08 | BQ24: 2.6580491e+08
A25: SC | B25: 42 | C25: Santa Catarina | D25: 2692079.3 | E25: 4944278.1 | F25: 5008468.9 | G25: 5118717.9 | H25: 5109833.5 | I25: 5233036.2 | J25: 5665823.2 | K25: 6479189 | L25: 6202555 | M25: 7685220.5 | N25: 8001580.3 | O25: 8109171.9 | P25: 9305951.8 | Q25: 10018474 | R25: 11146351 | S25: 11785197 | T25: 11536012 | U25: 11428303 | V25: 12005069 | W25: 11723355 | X25: 14446027 | Y25: 4744563.4 | Z25: 5142083.6 | AA25: 5813593.3 | AB25: 20930109 | AC25: 35777176 | AD25: 58865731 | AE25: 63021448 | AF25: 72087188 | AG25: 72654517 | AH25: 74538528 | AI25: 91694253 | AJ25: 78136206 | AK25: 73858473 | AL25: 81309926 | AM25: 78437512 | AN25: 85472936 | AO25: 83543747 | AP25: 87003053 | AQ25: 89683950 | AR25: 87083055 | AS25: 88568725 | AT25: 97774525 | AU25: 1.0168332e+08 | AV25: 1.0350175e+08 | AW25: 1.0673128e+08 | AX25: 1.1376486e+08 | AY25: 1.1730266e+08 | AZ25: 1.2267763e+08 | BA25: 1.3128549e+08 | BB25: 1.4134226e+08 | BC25: 1.3997294e+08 | BD25: 153726007 | BE25: 1.6070032e+08 | BF25: 1.6403574e+08 | BG25: 1.7065821e+08 | BH25: 1.7892685e+08 | BI25: 1.7081685e+08 | BJ25: 1.6288108e+08 | BK25: 1.6966671e+08 | BL25: 1.7464295e+08 | BM25: 1.8163198e+08 | BN25: 1.8431693e+08 | BO25: 2.0005519e+08 | BP25: 2.0047857e+08 | BQ25: 2.0990755e+08
A26: SE | B26: 28 | C26: Sergipe | D26: 738723.59 | E26: 955378.75 | F26: 1021144.1 | G26: 1100075.3 | H26: 1019906.3 | I26: 1294304.3 | J26: 1335288.1 | K26: 1337729.1 | L26: 1251489 | M26: 1259549.6 | N26: 1467223.6 | O26: 1586267.8 | P26: 1823206.9 | Q26: 2040972.8 | R26: 2102944.9 | S26: 2409479.3 | T26: 2939111.3 | U26: 2728378.6 | V26: 2618300.2 | W26: 2744564 | X26: 3023010.9 | Y26: 1012870.8 | Z26: 965185.81 | AA26: 972209.9 | AB26: 3377610.2 | AC26: 5035306.3 | AD26: 7005341.9 | AE26: 17529878 | AF26: 17398331 | AG26: 14172549 | AH26: 13258296 | AI26: 11868544 | AJ26: 12031588 | AK26: 13513877 | AL26: 13308664 | AM26: 14482068 | AN26: 13657046 | AO26: 13216639 | AP26: 13739310 | AQ26: 14650059 | AR26: 14413276 | AS26: 14166713 | AT26: 14763285 | AU26: 16726561 | AV26: 19629112 | AW26: 19564382 | AX26: 20608787 | AY26: 20756675 | AZ26: 22120202 | BA26: 23058538 | BB26: 24920895 | BC26: 23535718 | BD26: 26404893 | BE26: 26872831 | BF26: 28098260 | BG26: 28112037 | BH26: 27642675 | BI26: 26441763 | BJ26: 24663229 | BK26: 24912101 | BL26: 24605894 | BM26: 25109640 | BN26: 23963262 | BO26: 24208694 | BP26: 24667690 | BQ26: 24865702
A27: SP | B27: 35 | C27: São Paulo | D27: 37362366 | E27: 54335557 | F27: 61511778 | G27: 67800562 | H27: 73350836 | I27: 77448935 | J27: 86419720 | K27: 87273558 | L27: 97813743 | M27: 1.0430645e+08 | N27: 1.0342724e+08 | O27: 1.1239028e+08 | P27: 1.2661159e+08 | Q27: 1.3746278e+08 | R27: 1.493611e+08 | S27: 1.6477195e+08 | T27: 1.723054e+08 | U27: 1.7914637e+08 | V27: 1.7708835e+08 | W27: 1.8114806e+08 | X27: 2.0046031e+08 | Y27: 62610217 | Z27: 68484981 | AA27: 76393480 | AB27: 3.0896828e+08 | AC27: 5.0678701e+08 | AD27: 6.7465024e+08 | AE27: 6.8885917e+08 | AF27: 7.3227884e+08 | AG27: 8.005468e+08 | AH27: 8.0885187e+08 | AI27: 8.2629803e+08 | AJ27: 7.7468768e+08 | AK27: 7.4530659e+08 | AL27: 7.4622644e+08 | AM27: 7.6954419e+08 | AN27: 7.9755585e+08 | AO27: 9.0779652e+08 | AP27: 8.9624333e+08 | AQ27: 9.3181827e+08 | AR27: 9.0918562e+08 | AS27: 9.1366897e+08 | AT27: 9.5752339e+08 | AU27: 9.6676197e+08 | AV27: 9.8573784e+08 | AW27: 9.848385e+08 | AX27: 1.0090253e+09 | AY27: 1.0688132e+09 | AZ27: 1.1107783e+09 | BA27: 1.1842278e+09 | BB27: 1.2129904e+09 | BC27: 1.2220328e+09 | BD27: 1294695988 | BE27: 1.3263399e+09 | BF27: 1.3333907e+09 | BG27: 1.3645818e+09 | BH27: 1.3707546e+09 | BI27: 1.3303694e+09 | BJ27: 1.2933553e+09 | BK27: 1.2977327e+09 | BL27: 1.2945137e+09 | BM27: 1.3194586e+09 | BN27: 1.2547108e+09 | BO27: 1.2695691e+09 | BP27: 1.3459138e+09 | BQ27: 1.4084581e+09
A28: TO | B28: 17 | C28: Tocantins | AD28: 1286723 | AI28: 3200829.1 | AJ28: 3309159.7 | AK28: 3840800.6 | AL28: 3508743 | AM28: 3901000.3 | AN28: 4433489 | AO28: 6345103.1 | AP28: 6303181 | AQ28: 6667979.6 | AR28: 7174282.5 | AS28: 7189433.1 | AT28: 8288746.2 | AU28: 10102492 | AV28: 10111517 | AW28: 11010299 | AX28: 11206012 | AY28: 11086448 | AZ28: 11660552 | BA28: 12900773 | BB28: 14097770 | BC28: 14842943 | BD28: 16404816 | BE28: 16936786 | BF28: 17690722 | BG28: 18931762 | BH28: 19319348 | BI28: 19840165 | BJ28: 20036905 | BK28: 20871388 | BL28: 20886257 | BM28: 22112888 | BN28: 23034564 | BO28: 24171055 | BP28: 25027373 | BQ28: 26297148

Sheet pib_var_state
A1: Sigla | B1: Codigo | C1: Estado | D1: 1947 | E1: 1948 | F1: 1949 | G1: 1950 | H1: 1951 | I1: 1952 | J1: 1953 | K1: 1954 | L1: 1955 | M1: 1956 | N1: 1957 | O1: 1958 | P1: 1959 | Q1: 1960 | R1: 1961 | S1: 1962 | T1: 1963 | U1: 1964 | V1: 1965 | W1: 1966 | X1: 1970 | Y1: 1975 | Z1: 1980 | AA1: 1985 | AB1: 1986 | AC1: 1987 | AD1: 1988 | AE1: 1989 | AF1: 1990 | AG1: 1991 | AH1: 1992 | AI1: 1993 | AJ1: 1994 | AK1: 1995 | AL1: 1996 | AM1: 1997 | AN1: 1998 | AO1: 1999 | AP1: 2000 | AQ1: 2001 | AR1: 2002 | AS1: 2003 | AT1: 2004 | AU1: 2005 | AV1: 2006 | AW1: 2007 | AX1: 2008 | AY1: 2009 | AZ1: 2010 | BA1: 2011 | BB1: 2012 | BC1: 2013 | BD1: 2014 | BE1: 2015 | BF1: 2016 | BG1: 2017 | BH1: 2018 | BI1: 2019 | BJ1: 2020 | BK1: 2021 | BL1: 2022 | BM1: 2023
A2: AC | B2: 12 | C2: Acre | Y2: -3.9186264 | Z2: 117.23803 | AA2: 18.84484 | AB2: 1.5055948 | AC2: -3.1894579 | AD2: 3.6687267 | AE2: 3.8408117 | AF2: 3.6802716 | AG2: 4.9486247 | AH2: 2.9037204 | AI2: 3.3010053 | AJ2: 1.5660717 | AK2: 4.1316927 | AL2: 2.008661 | AM2: -0.82697314 | AN2: 4.5295861 | AO2: 4.0925989 | AP2: 4.1088419 | AQ2: 3.8004245 | AR2: 4.388001 | AS2: 13.661793 | AT2: 12.044442 | AU2: 13.651628 | AV2: 8.3994697 | AW2: 17.082754 | AX2: 17.443258 | AY2: 15.562033 | AZ2: 12.615518 | BA2: 7.277057 | BB2: 13.280069 | BC2: 13.178288 | BD2: 17.298066 | BE2: 1.2193156 | BF2: 0.96483822 | BG2: 3.771208 | BH2: 7.413903 | BI2: 1.9495897 | BJ2: 5.4149269 | BK2: 29.727839 | BL2: 10.768451 | BM2: 11.045658
A3: AL | B3: 27 | C3: Alagoas | D3: 50.609075 | E3: 5.740759 | F3: 6.0365205 | G3: -0.50903714 | H3: 6.6576038 | I3: -1.1154967 | J3: -0.0005347575 | K3: 2.442904 | L3: 3.4288348 | M3: 15.423137 | N3: 14.560729 | O3: 15.243411 | P3: 5.6102887 | Q3: 7.6557548 | R3: 10.942271 | S3: 6.1099049 | T3: 3.2540565 | U3: 1.3679614 | V3: -0.3695419 | W3: -2.332188 | X3: 28.07457 | Y3: 48.980136 | Z3: 50.183533 | AA3: 37.28732 | AB3: 3.0317588 | AC3: 8.948226 | AD3: -7.4706843 | AE3: 5.5334099 | AF3: 8.0627201 | AG3: 2.5183065 | AH3: 2.9966307 | AI3: -3.8898805 | AJ3: 7.1737698 | AK3: -1.7415161 | AL3: 0.18817654 | AM3: 5.3113137 | AN3: 2.1683782 | AO3: -1.3341022 | AP3: 1.9439824 | AQ3: 1.8336021 | AR3: 0.15503021 | AS3: 9.4235144 | AT3: 11.255336 | AU3: 10.250079 | AV3: 12.342326 | AW3: 14.231098 | AX3: 12.032595 | AY3: 8.6248655 | AZ3: 12.201649 | BA3: 16.674443 | BB3: 9.4546093 | BC3: 7.5962535 | BD3: 9.9040089 | BE3: 13.159775 | BF3: 6.6890588 | BG3: 6.8372995 | BH3: 2.955437 | BI3: 8.3632185 | BJ3: 7.1885209 | BK3: 20.668964 | BL3: -0.26199806 | BM3: 17.909658
A4: AM | B4: 13 | C4: Amazonas | D4: 30.586534 | E4: -9.9407549 | F4: 2.516811 | G4: -4.1576126 | H4: 14.778342 | I4: 4.9702569 | J4: -5.59448 | K4: 5.1298967 | L4: 5.61999 | M4: 32.83055 | N4: 15.00163 | O4: 2.2279958 | P4: 4.7626668 | Q4: 17.318723 | R4: 28.728193 | S4: -18.819003 | T4: -7.1376461 | U4: 4.1611213 | V4: 5.1287207 | W4: -1.2325565 | X4: 40.215676 | Y4: 73.841313 | Z4: 112.48488 | AA4: 46.032088 | AB4: 7.0177972 | AC4: 4.1911603 | AD4: 9.4048099 | AE4: 4.4388472 | AF4: 0.016121929 | AG4: 0.70750126 | AH4: -3.8123801 | AI4: 14.08534 | AJ4: 23.688355 | AK4: 22.58277 | AL4: 12.387915 | AM4: 8.43105 | AN4: 0.61268749 | AO4: -0.2494312 | AP4: 7.8304429 | AQ4: 2.7756058 | AR4: 5.9410001 | AS4: 17.058518 | AT4: 20.217056 | AU4: 9.2959675 | AV4: 17.516723 | AW4: 8.8812288 | AX4: 10.661261 | AY4: 5.0806641 | AZ4: 20.406083 | BA4: 16.192089 | BB4: 2.1323429 | BC4: 14.961417 | BD4: 4.3556379 | BE4: -0.11591274 | BF4: 2.8550882 | BG4: 4.717452 | BH4: 7.367042 | BI4: 8.0630483 | BJ4: 7.2453032 | BK4: 13.370121 | BL4: 10.346932 | BM4: 11.474754
A5: AP | B5: 16 | C5: Amapá | Y5: -14.844355 | Z5: 96.089818 | AA5: 57.231258 | AB5: 6.6636335 | AC5: 1.1855704 | AD5: 1.3974242 | AE5: 4.7596051 | AF5: 1.3680245 | AG5: 5.3847758 | AH5: 8.578 | AI5: 10.134043 | AJ5: 5.0800518 | AK5: 4.5228029 | AL5: 5.2246804 | AM5: 5.1977135 | AN5: -0.35583888 | AO5: 2.1797073 | AP5: 5.2410701 | AQ5: 6.18742 | AR5: 6.9485811 | AS5: 7.5583383 | AT5: 12.057471 | AU5: 12.593536 | AV5: 22.627014 | AW5: 13.855816 | AX5: 15.598942 | AY5: 7.7728187 | AZ5: 9.97428 | BA5: 14.220225 | BB5: 18.297357 | BC5: 14.667481 | BD5: 4.9892169 | BE5: 3.4402928 | BF5: 3.4689549 | BG5: 7.9470246 | BH5: 8.4827981 | BI5: 4.176513 | BJ5: 5.5579405 | BK5: 8.8295297 | BL5: 17.484911 | BM5: 18.657469
A6: BA | B6: 29 | C6: Bahia | D6: 34.624221 | E6: 2.999761 | F6: 0.1528944 | G6: 6.4186585 | H6: -0.12425443 | I6: 2.3590244 | J6: 9.6648739 | K6: 19.122203 | L6: 3.3293366 | M6: 2.617028 | N6: 10.801738 | O6: 15.706985 | P6: 13.519628 | Q6: 10.975654 | R6: -4.2868322 | S6: 5.2458512 | T6: -5.8621362 | U6: 17.432935 | V6: 7.5872626 | W6: 6.1222428 | X6: 28.51332 | Y6: 57.096491 | Z6: 66.303374 | AA6: 31.195654 | AB6: 7.1230462 | AC6: 3.3885474 | AD6: 17.987132 | AE6: -7.0645721 | AF6: 6.4156101 | AG6: 3.0687748 | AH6: 3.0687748 | AI6: 10.68046 | AJ6: 6.8603406 | AK6: 6.8603406 | AL6: 1.656786 | AM6: 6.4649171 | AN6: 0.4597258 | AO6: 0.61745013 | AP6: 4.0501512 | AQ6: 0.43200755 | AR6: 1.5107322 | AS6: 14.158446 | AT6: 16.014323 | AU6: 13.29389 | AV6: 7.9915829 | AW6: 14.663921 | AX6: 11.285082 | AY6: 13.376647 | AZ6: 11.944882 | BA6: 7.8897201 | BB6: 9.5855 | BC6: 12.198847 | BD6: 9.3171713 | BE6: 9.4287175 | BF6: 5.5889136 | BG6: 3.8591481 | BH6: 6.5180055 | BI6: 2.4458406 | BJ6: 4.1195909 | BK6: 15.490932 | BL6: 14.187811 | BM6: 7.0387398
A7: CE | B7: 23 | C7: Ceará | D7: 23.481205 | E7: 7.7844061 | F7: 9.6597403 | G7: 20.625414 | H7: -20.480816 | I7: 19.176336 | J7: -10.758644 | K7: 6.7574108 | L7: 10.308282 | M7: 18.311983 | N7: 10.651639 | O7: -29.051984 | P7: 77.329528 | Q7: 16.484248 | R7: 4.5871859 | S7: 19.845317 | T7: -1.7935515 | U7: 9.6801533 | V7: 3.660357 | W7: -4.7396641 | X7: 0.18370147 | Y7: 44.818204 | Z7: 69.511535 | AA7: 18.732145 | AB7: 12.000948 | AC7: 0.17151657 | AD7: -4.7570821 | AE7: -5.2846182 | AF7: 11.608015 | AG7: 5.8481856 | AH7: 5.8481856 | AI7: 6.1433425 | AJ7: 11.470546 | AK7: 11.470546 | AL7: 3.4313307 | AM7: 2.187971 | AN7: -0.74964768 | AO7: 0.65124892 | AP7: 4.541688 | AQ7: -1.400313 | AR7: 3.6413454 | AS7: 13.818727 | AT7: 12.859376 | AU7: 11.299948 | AV7: 13.251178 | AW7: 9.2868778 | AX7: 18.884418 | AY7: 11.229528 | AZ7: 18.060043 | BA7: 13.057742 | BB7: 8.1140061 | BC7: 12.439245 | BD7: 15.607533 | BE7: 3.6296824 | BF7: 5.9654605 | BG7: 6.862332 | BH7: 5.3963009 | BI7: 4.9206631 | BJ7: 2.0413892 | BK7: 16.757238 | BL7: 9.6035566 | BM7: 8.7259008
A8: DF | B8: 53 | C8: Distrito Federal | Y8: 75.425197 | Z8: 107.02126 | AA8: -27.512616 | AB8: 6.5466305 | AC8: 2.2913791 | AD8: 3.8583785 | AE8: 2.3755305 | AF8: 3.3247776 | AG8: 1.3825516 | AH8: 1.2778018 | AI8: 4.5613999 | AJ8: 2.8753346 | AK8: 3.523398 | AL8: 2.9749545 | AM8: 3.7944909 | AN8: 2.3042977 | AO8: 3.0590586 | AP8: 3.3080757 | AQ8: 3.2688259 | AR8: 4.0969578 | AS8: 8.4484938 | AT8: 14.746754 | AU8: 12.90493 | AV8: 11.789791 | AW8: 10.326541 | AX8: 18.088686 | AY8: 12.714644 | AZ8: 15.966658 | BA8: 7.2099301 | BB8: 6.1670741 | BC8: 7.1939634 | BD8: 12.236788 | BE8: 9.2086382 | BF8: 9.2421119 | BG8: 3.8983622 | BH8: 4.1250667 | BI8: 7.3764666 | BJ8: -2.8384458 | BK8: 7.93555 | BL8: 14.583268 | BM8: 11.216763
A9: ES | B9: 32 | C9: Espírito Santo | D9: 35.470118 | E9: 5.1244404 | F9: 36.24664 | G9: -0.64468732 | H9: 34.672512 | I9: -23.852054 | J9: 11.20133 | K9: 4.3874074 | L9: 5.6905193 | M9: -0.43190909 | N9: 12.337329 | O9: -0.61262967 | P9: 8.1990583 | Q9: 7.7715535 | R9: -8.0053247 | S9: 13.071673 | T9: 3.0595066 | U9: 40.12908 | V9: -10.494762 | W9: 8.1118073 | X9: 40.830009 | Y9: 42.595215 | Z9: 100.79355 | AA9: 24.15359 | AB9: 3.2764515 | AC9: -1.5452711 | AD9: 3.7091211 | AE9: 2.8350902 | AF9: -3.0072877 | AG9: 6.7921206 | AH9: 2.7369292 | AI9: 2.8476188 | AJ9: 6.6973479 | AK9: 0.42778993 | AL9: 6.2345884 | AM9: 0.46913399 | AN9: 3.3875358 | AO9: 0.95651327 | AP9: 8.9587316 | AQ9: 0.33016676 | AR9: 7.0795656 | AS9: 16.52597 | AT9: 26.058899 | AU9: 18.342477 | AV9: 13.703104 | AW9: 13.456802 | AX9: 18.847784 | AY9: -3.989112 | AZ9: 23.253399 | BA9: 24.224438 | BB9: 10.261131 | BC9: 0.36265631 | BD9: 9.8141105 | BE9: -6.5363829 | BF9: -9.2231684 | BG9: 3.7848678 | BH9: 20.82904 | BI9: 0.23758566 | BJ9: 0.80113745 | BK9: 34.591545 | BL9: -2.0328357 | BM9: 14.944592
A10: GO | B10: 52 | C10: Goiás | D10: 10.700087 | E10: 11.907412 | F10: 9.4994966 | G10: 29.184361 | H10: 23.018298 | I10: -17.081646 | J10: 42.709974 | K10: -0.83341142 | L10: 20.253861 | M10: -0.60260821 | N10: -1.11254 | O10: 19.909178 | P10: 18.999378 | Q10: 0.72068215 | R10: 21.136306 | S10: 26.670126 | T10: 1.1379821 | U10: 10.120923 | V10: -0.3414495 | W10: 0.99200767 | X10: 13.67423 | Y10: 62.329001 | Z10: 58.966175 | AA10: 12.286384 | AB10: 6.5831693 | AC10: 2.4601029 | AD10: 6.3203011 | AE10: 0.13039825 | AF10: 0.011146086 | AG10: 2.3821251 | AH10: 1.8516534 | AI10: 6.4259512 | AJ10: 2.7085734 | AK10: 1.8365151 | AL10: 2.6399014 | AM10: 4.8318156 | AN10: 1.192742 | AO10: 1.7472526 | AP10: 5.0097392 | AQ10: 3.3378928 | AR10: 5.3172474 | AS10: 17.935899 | AT10: 12.17336 | AU10: 5.4033109 | AV10: 13.942772 | AW10: 16.350467 | AX10: 15.413679 | AY10: 12.677127 | AZ10: 14.972546 | BA10: 13.605505 | BB10: 14.395364 | BC10: 9.0390218 | BD10: 9.064856 | BE10: 5.2220194 | BF10: 4.6806654 | BG10: 5.6055893 | BH10: 1.9450149 | BI10: 6.6387232 | BJ10: 7.4056814 | BK10: 20.301857 | BL10: 18.15772 | BM10: 5.7004443
A11: MA | B11: 21 | C11: Maranhão | D11: -9.8738823 | E11: 15.310139 | F11: -8.9144585 | G11: 19.112606 | H11: 8.866286 | I11: 11.458832 | J11: 10.5961 | K11: 6.0276012 | L11: 4.5601078 | M11: 3.0559436 | N11: 8.3734339 | O11: 20.381944 | P11: 25.526681 | Q11: 13.921731 | R11: 5.4372134 | S11: 19.915951 | T11: -8.7058053 | U11: 2.2784178 | V11: 2.4688058 | W11: 5.8472815 | X11: 6.1313669 | Y11: 43.112976 | Z11: 64.788515 | AA11: -6.8518311 | AB11: 20.073188 | AC11: 2.8849526 | AD11: 9.0274987 | AE11: 0.6932888 | AF11: -1.1733811 | AG11: 4.2014284 | AH11: -2.6702868 | AI11: 6.1097456 | AJ11: 2.2717518 | AK11: 1.5461132 | AL11: 4.3008773 | AM11: 2.884993 | AN11: -4.9195212 | AO11: 2.8511664 | AP11: 4.3687528 | AQ11: 1.7547721 | AR11: 2.8153848 | AS11: 22.474858 | AT11: 13.455599 | AU11: 13.454419 | AV11: 18.34925 | AW11: 3.4338638 | AX11: 23.434211 | AY11: 8.0727 | AZ11: 12.965283 | BA11: 12.597599 | BB11: 16.00692 | BC11: 11.910602 | BD11: 13.512377 | BE11: 2.1263962 | BF11: 8.7084517 | BG11: 4.961572 | BH11: 9.6453798 | BI11: -0.8551256 | BJ11: 9.8377133 | BK11: 16.896222 | BL11: 11.848568 | BM11: 6.7516322
A12: MG | B12: 31 | C12: Minas Gerais | D12: 59.078928 | E12: 11.129464 | F12: 0.26313399 | G12: 4.3469277 | H12: 7.2762269 | I12: 2.5040061 | J12: 11.439007 | K12: 5.6185632 | L12: 3.9117313 | M12: 4.1054903 | N12: 9.1892357 | O12: 5.2683486 | P12: 9.2105779 | Q12: 9.9572422 | R12: 7.2033311 | S12: 12.159824 | T12: -10.142668 | U12: 15.373557 | V12: 1.6680904 | W12: 8.7056239 | X12: 9.6013448 | Y12: 64.64698 | Z12: 58.583442 | AA12: 8.3919411 | AB12: 0.88543727 | AC12: 11.842018 | AD12: -1.2337668 | AE12: 1.4503019 | AF12: -2.150698 | AG12: 2.5253376 | AH12: -2.0939579 | AI12: 4.2297129 | AJ12: 5.5474819 | AK12: 3.1649824 | AL12: 3.691622 | AM12: 2.9954155 | AN12: -0.26576029 | AO12: 0.081581072 | AP12: 5.1114479 | AQ12: -0.11598956 | AR12: 3.7311496 | AS12: 16.214923 | AT12: 19.19829 | AU12: 9.5964464 | AV12: 12.897929 | AW12: 13.023489 | AX12: 15.914935 | AY12: 3.1715676 | AZ12: 22.153743 | BA12: 13.955568 | BB12: 10.536251 | BC12: 10.337745 | BD12: 5.866556 | BE12: 0.52207735 | BF12: 4.9061667 | BG12: 5.7937721 | BH12: 6.6797204 | BI12: 6.0169652 | BJ12: 4.7422499 | BK12: 25.602029 | BL12: 5.7296928 | BM12: 7.1958392
A13: MS | B13: 50 | C13: Mato Grosso do Sul | Z13: 97.19538 | AA13: -7.9465401 | AB13: 2.4981958 | AC13: 8.0603021 | AD13: 4.4773193 | AE13: 6.6409666 | AF13: 0.55631549 | AG13: 5.3778139 | AH13: 2.0229986 | AI13: 7.968057 | AJ13: 3.3882723 | AK13: 4.9600393 | AL13: 2.1762207 | AM13: 4.5429915 | AN13: 2.7784103 | AO13: 0.92246957 | AP13: 2.4220127 | AQ13: 6.3045442 | AR13: 2.9437486 | AS13: 32.883227 | AT13: 6.9838985 | AU13: 1.5101204 | AV13: 12.402967 | AW13: 12.812677 | AX13: 20.390713 | AY13: 9.1069744 | AZ13: 19.618818 | BA13: 16.632953 | BB13: 12.478949 | BC13: 11.594306 | BD13: 14.08451 | BE13: 5.2342179 | BF13: 10.603586 | BG13: 4.9015529 | BH13: 10.967945 | BI13: -0.024208851 | BJ13: 14.666172 | BK13: 15.963796 | BL13: 17.020338 | BM13: 10.8137
A14: MT | B14: 51 | C14: Mato Grosso | D14: 10.728476 | E14: 35.826089 | F14: -2.294231 | G14: -20.586465 | H14: 9.566908 | I14: 47.080456 | J14: 26.216543 | K14: 16.501928 | L14: -2.1624211 | M14: 2.2975685 | N14: 0.11507498 | O14: 36.206581 | P14: -14.816108 | Q14: 20.820107 | R14: 30.396668 | S14: 16.017703 | T14: -18.282877 | U14: 15.763345 | V14: 2.9728698 | W14: -13.789181 | X14: 54.592166 | Y14: -36.631578 | Z14: 101.73927 | AA14: 20.183568 | AB14: 12.308627 | AC14: 7.1744279 | AD14: 9.7863495 | AE14: 13.820405 | AF14: 1.4944242 | AG14: 7.473219 | AH14: 11.126824 | AI14: 7.1259202 | AJ14: 11.888828 | AK14: 1.9510885 | AL14: 2.8862213 | AM14: 5.4222754 | AN14: 6.5417499 | AO14: 7.6581603 | AP14: 7.6362241 | AQ14: 6.743159 | AR14: 9.4212633 | AS14: 39.115105 | AT14: 25.064796 | AU14: 2.6008373 | AV14: -10.382942 | AW14: 23.867667 | AX14: 29.386376 | AY14: 7.0949884 | AZ14: 7.4156094 | BA14: 22.178075 | BB14: 15.200481 | BC14: 11.984115 | BD14: 13.47518 | BE14: 6.1083897 | BF14: 15.325111 | BG14: 2.3939255 | BH14: 8.354196 | BI14: 3.4044513 | BJ14: 25.70153 | BK14: 30.64135 | BL14: 9.4850145 | BM14: 6.8412609
A15: PA | B15: 15 | C15: Pará | D15: 18.917897 | E15: -1.7355299 | F15: -11.891842 | G15: 9.6177228 | H15: 9.8157043 | I15: 6.6726916 | J15: -1.2985758 | K15: 9.4312759 | L15: 12.200685 | M15: 22.218392 | N15: 33.84115 | O15: -0.78139577 | P15: -2.9925813 | Q15: 25.841457 | R15: 16.596889 | S15: -6.7591167 | T15: 1.364985 | U15: -1.2495981 | V15: 8.7737361 | W15: 10.29731 | X15: 11.143508 | Y15: 50.88993 | Z15: 115.21127 | AA15: 4.0947869 | AB15: 16.636233 | AC15: 6.3214519 | AD15: 4.876458 | AE15: 3.9263688 | AF15: 4.97954 | AG15: -2.1320788 | AH15: 3.4265163 | AI15: 7.0244457 | AJ15: -1.5975612 | AK15: 0.031741404 | AL15: 0.27649984 | AM15: 2.9552757 | AN15: 2.2579816 | AO15: 1.812417 | AP15: 4.7029644 | AQ15: 3.4979548 | AR15: 3.6376466 | AS15: 14.303943 | AT15: 23.133594 | AU15: 8.7199605 | AV15: 13.474196 | AW15: 12.752203 | AX15: 17.571169 | AY15: 1.1616685 | AZ15: 34.086417 | BA15: 19.382369 | BB15: 8.4794677 | BC15: 13.208675 | BD15: 2.7717898 | BE15: 5.0684776 | BF15: 5.5065212 | BG15: 12.39968 | BH15: 3.9406708 | BI15: 10.553098 | BJ15: 21.055755 | BK15: 21.751566 | BL15: -10.179764 | BM15: 7.7938896
A16: PB | B16: 25 | C16: Paraíba | D16: 44.654025 | E16: 17.426383 | F16: 5.7104506 | G16: 11.560842 | H16: -2.8045695 | I16: -3.3234481 | J16: -13.574638 | K16: 16.95747 | L16: 8.0619768 | M16: 8.8239658 | N16: 1.4796387 | O16: -2.1575138 | P16: 39.816245 | Q16: 26.52436 | R16: 1.5711879 | S16: 23.732287 | T16: -8.9577452 | U16: 3.7775531 | V16: 4.5582273 | W16: -20.783959 | X16: -7.1516375 | Y16: 57.439046 | Z16: 33.83371 | AA16: 16.587222 | AB16: 7.7317013 | AC16: 0.35360491 | AD16: 2.8351616 | AE16: 2.3856878 | AF16: 2.8605882 | AG16: 2.6033473 | AH16: -2.2004935 | AI16: -3.1365456 | AJ16: 12.962608 | AK16: 4.0093112 | AL16: 2.6448107 | AM16: 3.0643319 | AN16: -2.2899913 | AO16: 2.7826457 | AP16: 4.3728001 | AQ16: 0.82790606 | AR16: 4.7671405 | AS16: 15.618543 | AT16: 6.9203253 | AU16: 11.419045 | AV16: 18.686266 | AW16: 9.9423813 | AX16: 17.371431 | AY16: 12.424269 | AZ16: 10.889983 | BA16: 10.699219 | BB16: 14.495654 | BC16: 9.1529798 | BD16: 14.143092 | BE16: 6.0551945 | BF16: 5.2775049 | BG16: 5.5697609 | BH16: 3.1681429 | BI16: 5.6117403 | BJ16: 3.3918123 | BK16: 10.212106 | BL16: 11.1318 | BM16: 12.624549
A17: PE | B17: 26 | C17: Pernambuco | D17: 27.0646 | E17: 10.032186 | F17: 1.5018244 | G17: 7.5214179 | H17: 6.539897 | I17: -5.7441866 | J17: 1.5413394 | K17: 8.3911144 | L17: 3.0630035 | M17: 12.33577 | N17: 11.25721 | O17: 11.572004 | P17: 6.5628386 | Q17: 8.5352867 | R17: 9.7382041 | S17: 10.712642 | T17: 6.9257755 | U17: 0.80031794 | V17: 1.3828653 | W17: 0.25159953 | X17: 14.568575 | Y17: 49.376317 | Z17: 33.48723 | AA17: 9.9912332 | AB17: 10.189992 | AC17: 15.520917 | AD17: -1.7321515 | AE17: -5.5458654 | AF17: 14.765666 | AG17: 8.1266843 | AH17: 8.1266843 | AI17: -5.0977201 | AJ17: 2.8541048 | AK17: 2.8541048 | AL17: 0.29314019 | AM17: 3.1292617 | AN17: -0.38934005 | AO17: 0.652829 | AP17: 4.3287522 | AQ17: 1.6397355 | AR17: 4.1113568 | AS17: 7.6542338 | AT17: 15.887427 | AU17: 11.688144 | AV17: 10.439757 | AW17: 12.569154 | AX17: 12.735671 | AY17: 13.274387 | AZ17: 21.851295 | BA17: 13.346878 | BB17: 16.183035 | BC17: 10.283075 | BD17: 9.9131215 | BE17: 1.1737714 | BF17: 6.6138637 | BG17: 8.5239878 | BH17: 2.6113579 | BI17: 6.1718707 | BJ17: -2.2976919 | BK17: 14.229262 | BL17: 11.328334 | BM17: 10.026075
A18: PI | B18: 22 | C18: Piauí | D18: 12.938653 | E18: -21.518799 | F18: -1.7546182 | G18: 1.4414222 | H18: 1.5449005 | I18: 14.046606 | J18: -9.3575564 | K18: 0.99908102 | L18: 9.6684124 | M18: 13.614205 | N18: 10.015715 | O18: -3.0965723 | P18: 29.803741 | Q18: 6.7208365 | R18: 21.811213 | S18: 26.089072 | T18: -20.601636 | U18: 18.802921 | V18: 1.6990455 | W18: 3.5992127 | X18: 6.9986433 | Y18: 57.539107 | Z18: 49.025178 | AA18: 11.26744 | AB18: 7.3117943 | AC18: 1.6405896 | AD18: 7.1122347 | AE18: 3.1215417 | AF18: 0.49457605 | AG18: 4.5559099 | AH18: -2.4017605 | AI18: 5.3938428 | AJ18: 7.6408655 | AK18: 1.9827757 | AL18: 3.3608865 | AM18: 1.227847 | AN18: 0.15972512 | AO18: 1.5937577 | AP18: 3.2068564 | AQ18: 2.0750978 | AR18: 1.7454979 | AS18: 18.143089 | AT18: 11.783383 | AU18: 13.877408 | AV18: 24.726335 | AW18: 2.8113291 | AX18: 17.96185 | AY18: 16.929281 | AZ18: 17.537323 | BA18: 16.490136 | BB18: 10.393915 | BC18: 9.2392524 | BD18: 20.585564 | BE18: 3.7806384 | BF18: 5.7912367 | BG18: 9.5337905 | BH18: 11.049966 | BI18: 4.7686432 | BJ18: 6.8405046 | BK18: 13.542961 | BL18: 13.753606 | BM18: 11.096872
A19: PR | B19: 41 | C19: Paraná | D19: 84.372774 | E19: 18.54827 | F19: 11.883363 | G19: 21.491311 | H19: 2.3616058 | I19: 17.553893 | J19: 7.5808154 | K19: -7.8410406 | L19: 34.571903 | M19: -18.396507 | N19: 20.954997 | O19: 27.350604 | P19: 21.401583 | Q19: 9.0000922 | R19: 3.127227 | S19: 13.457608 | T19: -13.882396 | U19: 5.4762399 | V19: 17.692313 | W19: 0.039765707 | X19: 23.15269 | Y19: 95.191991 | Z19: 24.65417 | AA19: 9.1774408 | AB19: 3.1409123 | AC19: 16.769401 | AD19: 0.15138532 | AE19: 4.4339009 | AF19: -0.075787189 | AG19: -0.032257103 | AH19: -0.13246498 | AI19: 10.007023 | AJ19: 5.5128549 | AK19: 1.7839986 | AL19: 5.3582875 | AM19: 1.5364192 | AN19: 3.196467 | AO19: 0.50073082 | AP19: 5.3795917 | AQ19: 3.8265438 | AR19: 1.9781437 | AS19: 24.710741 | AT19: 12.188465 | AU19: 3.2506499 | AV19: 7.9895213 | AW19: 20.022461 | AX19: 12.393381 | AY19: 5.9196061 | AZ19: 14.505938 | BA19: 14.172411 | BB19: 11.083417 | BC19: 16.75685 | BD19: 4.3789698 | BE19: 8.29645 | BF19: 6.592518 | BG19: 4.8987088 | BH19: 4.39659 | BI19: 5.9876983 | BJ19: 4.6214878 | BK19: 12.715429 | BL19: 11.7529 | BM19: 9.1616206
A20: RJ | B20: 33 | C20: Rio de Janeiro | D20: 24.400112 | E20: 10.002327 | F20: 10.773676 | G20: 4.92058 | H20: 3.3120381 | I20: 6.3300934 | J20: 2.7583781 | K20: 7.3191744 | L20: 8.1352914 | M20: 7.4992463 | N20: 3.1275636 | O20: 11.895854 | P20: 4.8415259 | Q20: 7.5464843 | R20: 9.7806158 | S20: -1.5027375 | T20: 10.260557 | U20: 0.025398461 | V20: -1.4805441 | W20: 6.4823267 | X20: 42.269139 | Y20: 48.295272 | Z20: 27.463843 | AA20: -1.7945037 | AB20: 8.2215641 | AC20: 0.44461928 | AD20: 0.70215986 | AE20: 3.0094762 | AF20: -4.167618 | AG20: 0.63463393 | AH20: -1.7322148 | AI20: 1.3570105 | AJ20: 2.3815773 | AK20: 2.5367896 | AL20: 0.98903988 | AM20: 0.9530783 | AN20: 0.78200685 | AO20: 0.44189161 | AP20: 2.5746961 | AQ20: 0.87374469 | AR20: 3.8236423 | AS20: 9.9450833 | AT20: 19.031681 | AU20: 11.866718 | AV20: 11.084059 | AW20: 7.9936773 | AX20: 16.863702 | AY20: 3.5330573 | AZ20: 14.862025 | BA20: 13.984366 | BB20: 12.114071 | BC20: 9.2785685 | BD20: 6.8209164 | BE20: -1.7789158 | BF20: -2.8427611 | BG20: 4.8726426 | BH20: 12.991757 | BI20: 2.7763878 | BJ20: -3.3470024 | BK20: 25.931402 | BL20: 21.511769 | BM20: 1.6782908
A21: RN | B21: 24 | C21: Rio Grande do Norte | D21: 53.712155 | E21: 5.2361107 | F21: 8.6949269 | G21: 7.755405 | H21: 9.7972662 | I21: -5.314364 | J21: -19.839272 | K21: 9.8806915 | L21: 13.379982 | M21: 17.639211 | N21: -0.740437 | O21: -10.998105 | P21: 62.112185 | Q21: 14.722207 | R21: 3.4639324 | S21: 16.820654 | T21: 1.7815893 | U21: -1.0013665 | V21: 4.1049618 | W21: 2.7399201 | X21: -15.556493 | Y21: 76.334637 | Z21: 53.973186 | AA21: 30.665287 | AB21: 10.570366 | AC21: 23.640314 | AD21: -12.204524 | AE21: 9.1920627 | AF21: -13.527151 | AG21: 20.106627 | AH21: 20.106627 | AI21: 13.206295 | AJ21: 6.9735783 | AK21: 6.9735783 | AL21: 2.7185559 | AM21: 4.5505668 | AN21: 0.95406378 | AO21: 2.6152849 | AP21: 4.6359672 | AQ21: 1.9281088 | AR21: 4.9326833 | AS21: 9.5721741 | AT21: 16.057088 | AU21: 15.734161 | AV21: 14.640246 | AW21: 14.976481 | AX21: 9.8053636 | AY21: 7.066694 | AZ21: 16.946572 | BA21: 13.288626 | BB21: 13.220045 | BC21: 11.001952 | BD21: 4.8606405 | BE21: 5.9758026 | BF21: 4.2384022 | BG21: 7.7560464 | BH21: 4.1420197 | BI21: 6.5211984 | BJ21: 0.33689073 | BK21: 12.020081 | BL21: 17.00977 | BM21: 8.4428095
A22: RO | B22: 11 | C22: Rondônia | Y22: 81.866189 | Z22: 228.50308 | AA22: 86.538726 | AB22: 6.7270299 | AC22: 0.74502149 | AD22: 4.6355302 | AE22: 3.4359817 | AF22: -0.79729083 | AG22: 3.7863655 | AH22: 7.3324803 | AI22: 2.0295595 | AJ22: 8.7841503 | AK22: 3.3439589 | AL22: 3.4858982 | AM22: 0.89722234 | AN22: -1.8602628 | AO22: 5.5229285 | AP22: 3.462804 | AQ22: 4.372182 | AR22: 8.0842998 | AS22: 26.211529 | AT22: 16.759993 | AU22: 13.695858 | AV22: 4.3390327 | AW22: 10.598954 | AX22: 19.719434 | AY22: 14.112765 | AZ22: 21.205956 | BA22: 15.337311 | BB22: 9.2041063 | BC22: 3.349724 | BD22: 9.3490903 | BE22: 7.4413104 | BF22: 7.9233094 | BG22: 10.278133 | BH22: 3.2122122 | BI22: 4.8478405 | BJ22: 9.5716227 | BK22: 12.735495 | BL22: 14.827821 | BM22: 14.463147
A23: RR | B23: 14 | C23: Roraima | Y23: 57.749737 | Z23: 83.205711 | AA23: 73.485366 | AB23: 9.0830441 | AC23: 12.235471 | AD23: 10.365136 | AE23: 3.4033754 | AF23: 4.3140779 | AG23: 6.750311 | AH23: 3.4524141 | AI23: 3.9820332 | AJ23: 3.5393739 | AK23: 4.7350696 | AL23: 3.5602807 | AM23: 2.5041707 | AN23: -1.5411311 | AO23: 5.4461624 | AP23: 3.9636505 | AQ23: 7.2989098 | AR23: 8.0578229 | AS23: 8.4467062 | AT23: 8.8152991 | AU23: 13.131594 | AV23: 19.071093 | AW23: 10.541882 | AX23: 15.191866 | AY23: 17.144499 | AZ23: 17.051821 | BA23: 10.009851 | BB23: 5.5827449 | BC23: 16.84839 | BD23: 8.1391564 | BE23: 5.1188091 | BF23: 7.5206399 | BG23: 9.9105467 | BH23: 10.452783 | BI23: 6.8978297 | BJ23: 12.118818 | BK23: 13.593769 | BL23: 15.892046 | BM23: 19.101198
A24: RS | B24: 43 | C24: Rio Grande do Sul | D24: 35.342222 | E24: 1.2944952 | F24: 9.0126295 | G24: 3.4263248 | H24: 2.8614551 | I24: 8.8416905 | J24: 13.83307 | K24: 4.5994845 | L24: 10.850988 | M24: 8.1596574 | N24: 2.4869071 | O24: 6.8801251 | P24: 5.8710392 | Q24: 7.5890396 | R24: 7.3741526 | S24: 10.94045 | T24: 0.57169484 | U24: 4.1761399 | V24: 0.66438156 | W24: 6.0720183 | X24: 33.827203 | Y24: 60.115203 | Z24: 31.922914 | AA24: 5.6261381 | AB24: -3.34638 | AC24: 22.358479 | AD24: -8.2558792 | AE24: -8.3849888 | AF24: 5.1707575 | AG24: 9.1198521 | AH24: 9.1198521 | AI24: 3.1014898 | AJ24: 4.2002195 | AK24: 4.2002195 | AL24: -0.1964148 | AM24: 5.8912672 | AN24: -0.85569826 | AO24: 1.4027286 | AP24: 4.3087215 | AQ24: 2.0202148 | AR24: 1.7070584 | AS24: 20.717011 | AT24: 9.9449129 | AU24: 3.941212 | AV24: 8.2572612 | AW24: 13.81032 | AX24: 13.225464 | AY24: 7.4200343 | AZ24: 18.059769 | BA24: 9.8683252 | BB24: 8.5003047 | BC24: 15.545106 | BD24: 7.6810884 | BE24: 6.7565867 | BF24: 7.0150382 | BG24: 3.5422921 | BH24: 8.038346 | BI24: 5.5041661 | BJ24: -2.3882252 | BK24: 23.430033 | BL24: 2.1246045 | BM24: 9.5131678
A25: SC | B25: 42 | C25: Santa Catarina | D25: 83.283623 | E25: 1.5711534 | F25: 2.3702704 | G25: -0.24334194 | H25: 2.2809892 | I25: 8.2906571 | J25: 14.368571 | K25: -4.2374321 | L25: 23.923352 | M25: 4.019888 | N25: 1.1170182 | O25: 15.384461 | P25: 7.4162504 | Q25: 11.045763 | R25: 5.8892988 | S25: -2.1576331 | T25: -0.55608356 | U25: 4.7423596 | V25: -2.294717 | W25: 23.113936 | X25: 45.039741 | Y25: 70.085719 | Z25: 65.147185 | AA25: 7.0597051 | AB25: 9.3472979 | AC25: 4.3396284 | AD25: -0.68234939 | AE25: 4.5950821 | AF25: -2.4361753 | AG25: 2.8066166 | AH25: 3.507845 | AI25: 5.5828082 | AJ25: 3.3429383 | AK25: 5.7742382 | AL25: 3.5952535 | AM25: 4.5108667 | AN25: -0.068400186 | AO25: 1.7824788 | AP25: 4.1822738 | AQ25: 3.1917974 | AR25: 2.0320336 | AS25: 17.650969 | AT25: 14.852913 | AU25: 10.772058 | AV25: 11.666822 | AW25: 13.907493 | AX25: 17.111243 | AY25: 6.2738303 | AZ25: 19.076492 | BA25: 13.232839 | BB25: 10.183547 | BC25: 11.844746 | BD25: 13.072041 | BE25: 2.6906536 | BF25: 3.0813546 | BG25: 7.9903388 | BH25: 7.5582772 | BI25: 8.3952021 | BJ25: 8.0464173 | BK25: 22.70299 | BL25: 8.7974278 | BM25: 10.105401
A26: SE | B26: 28 | C26: Sergipe | D26: 29.838009 | E26: 7.1126668 | F26: 7.5952846 | G26: -7.2778218 | H26: 26.825807 | I26: 3.1143454 | J26: 0.24552461 | K26: -6.4942342 | L26: 0.65964818 | M26: 16.68791 | N26: 7.9951894 | O26: 14.93635 | P26: 11.945712 | Q26: 2.993472 | R26: 14.574701 | S26: 22.31483 | T26: -7.53973 | U26: -3.7993923 | V26: 4.6952794 | W26: 9.8886021 | X26: 12.023462 | Y26: 49.237393 | Z26: 38.710895 | AA26: 150.71592 | AB26: 11.41314 | AC26: 0.63773317 | AD26: 2.6535802 | AE26: 1.3924618 | AF26: 1.5794695 | AG26: 1.3739342 | AH26: -0.73494927 | AI26: 4.4770611 | AJ26: 2.4040191 | AK26: 1.0313577 | AL26: 3.4175985 | AM26: 7.0815631 | AN26: -0.062346949 | AO26: -0.52235145 | AP26: 3.5337016 | AQ26: 0.80644134 | AR26: 4.0069047 | AS26: 13.714791 | AT26: 13.504183 | AU26: 8.2021509 | AV26: 13.788383 | AW26: 10.954166 | AX26: 17.564216 | AY26: 1.3486782 | AZ26: 21.640933 | BA26: 10.238174 | BB26: 12.865446 | BC26: 7.5572743 | BD26: 6.0460914 | BE26: 2.8930548 | BF26: 0.83230519 | BG26: 4.7175125 | BH26: 3.2091558 | BI26: 6.3579971 | BJ26: 1.6115067 | BK26: 14.207859 | BL26: 10.626101 | BM26: 6.0036368
A27: SP | B27: 35 | C27: São Paulo | D27: 45.148333 | E27: 13.333651 | F27: 10.426225 | G27: 7.9712213 | H27: 5.6495801 | I27: 11.512057 | J27: 0.99639227 | K27: 12.107942 | L27: 7.1345626 | M27: -1.109939 | N27: 8.7287331 | O27: 12.353683 | P27: 8.4343252 | Q27: 8.791629 | R27: 10.400692 | S27: 4.5434496 | T27: 4.2320264 | U27: -1.5299957 | V27: 2.4744267 | W27: 10.613693 | X27: 53.892808 | Y27: 64.271599 | Z27: 33.122947 | AA27: 2.1061397 | AB27: 6.9275496 | AC27: 2.9210213 | AD27: -0.64128177 | AE27: 2.0679686 | AF27: -5.3103331 | AG27: -0.48080528 | AH27: -2.5004792 | AI27: 6.1830305 | AJ27: 5.9412578 | AK27: 4.67786 | AL27: 1.2725436 | AM27: 3.3819909 | AN27: -1.1952239 | AO27: -1.3386535 | AP27: 4.262842 | AQ27: 0.38395454 | AR27: 1.1716241 | AS27: 13.98693 | AT27: 10.398361 | AU27: 13.796863 | AV27: 10.966574 | AW27: 13.477251 | AX27: 11.420577 | AY27: 8.1134612 | AZ27: 14.870294 | BA27: 10.966028 | BB27: 8.5169527 | BC27: 10.019347 | BD27: 8.3345637 | BE27: 4.3970523 | BF27: 5.0959007 | BG27: 4.0222664 | BH27: 4.2343426 | BI27: 6.2326256 | BJ27: 1.2477327 | BK27: 14.388738 | BL27: 15.096306 | BM27: 10.046241
A28: TO | B28: 17 | C28: Tocantins | AF28: -3.7754175 | AG28: 3.4331114 | AH28: 3.7309082 | AI28: 2.2445364 | AJ28: 2.675515 | AK28: 4.3443567 | AL28: 2.2689711 | AM28: 3.8936652 | AN28: 4.2355845 | AO28: 2.9315542 | AP28: 2.8624617 | AQ28: 0.75329609 | AR28: 3.0049603 | AS28: 24.232235 | AT28: 9.6673961 | AU28: 6.2849751 | AV28: 12.303505 | AW28: 17.759932 | AX28: 18.871563 | AY28: 12.985804 | AZ28: 19.832366 | BA28: 11.831111 | BB28: 12.748184 | BC28: 15.046226 | BD28: 10.054635 | BE28: 10.465975 | BF28: 9.1755904 | BG28: 7.989016 | BH28: 4.5679752 | BI28: 10.345256 | BJ28: 10.910327 | BK28: 18.627715 | BL28: 12.413936 | BM28: 10.494813

Sheet pop_mes
A1: Sigla | B1: Codigo | C1: Meso-região | D1: 1920 | E1: 1940 | F1: 1950 | G1: 1960 | H1: 1970 | I1: 1980 | J1: 1991 | K1: 1996 | L1: 2000 | M1: 2007 | N1: 2010 | O1: 2022
A2: AC | B2: 1201 | C2: Vale do Juruá | D2: 35911 | E2: 35913 | F2: 50503 | G2: 65253 | H2: 83214 | I2: 105777 | J2: 122248 | K2: 137390 | L2: 157978 | M2: 190910 | N2: 206084 | O2: 242063
A3: AC | B3: 1202 | C3: Vale do Acre | D3: 56468 | E3: 43855 | F3: 64252 | G3: 93599 | H3: 132085 | I3: 195499 | J3: 295470 | K3: 346203 | L3: 399904 | M3: 464475 | N3: 527475 | O3: 587955
A4: AL | B4: 2701 | C4: Sertão Alagoano | D4: 115516 | E4: 116956 | F4: 184696 | G4: 205593 | H4: 255448 | I4: 315923 | J4: 372901 | K4: 382988 | L4: 413808 | M4: 425843 | N4: 432667 | O4: 422847
A5: AL | B5: 2702 | C5: Agreste Alagoano | D5: 136420 | E5: 168168 | F5: 196055 | G5: 249267 | H5: 375218 | I5: 453509 | J5: 537179 | K5: 547998 | L5: 581860 | M5: 605126 | N5: 623302 | O5: 637658
A6: AL | B6: 2703 | C6: Leste Alagoano | D6: 726812 | E6: 666176 | F6: 712386 | G6: 801299 | H6: 957402 | I6: 1213483 | J6: 1604020 | K6: 1702265 | L6: 1832188 | M6: 2006134 | N6: 2064525 | O6: 2067178
A7: AM | B7: 1301 | C7: Norte Amazonense | D7: 18918 | E7: 18790 | F7: 19119 | G7: 45147 | H7: 43479 | I7: 49403 | J7: 86235 | K7: 90065 | L7: 101720 | M7: 118035 | N7: 121337 | O7: 124941
A8: AM | B8: 1302 | C8: Sudoeste Amazonense | D8: 57787 | E8: 62322 | F8: 82672 | G8: 108392 | H8: 124293 | I8: 163811 | J8: 222459 | K8: 269029 | L8: 313169 | M8: 331522 | N8: 351939 | O8: 400916
A9: AM | B9: 1303 | C9: Centro Amazonense | D9: 185450 | E9: 243478 | F9: 313382 | G9: 442339 | H9: 655606 | I9: 1052803 | J9: 1570685 | K9: 1822862 | L9: 2167589 | M9: 2506783 | N9: 2726732 | O9: 3090088
A10: AM | B10: 1304 | C10: Sul Amazonense | D10: 86792 | E10: 91569 | F10: 98926 | G10: 118896 | H10: 131825 | I10: 164511 | J10: 223864 | K10: 207323 | L10: 234775 | M10: 265599 | N10: 283977 | O10: 325668
A11: AP | B11: 1601 | C11: Norte do Amapá | D11: 6032 | E11: 6374 | F11: 11778 | G11: 14178 | H11: 17636 | I11: 17373 | J11: 25500 | K11: 28232 | L11: 36144 | M11: 51077 | N11: 53934 | O11: 62785
A12: AP | B12: 1602 | C12: Sul do Amapá | D12: 30445 | E12: 24373 | F12: 25699 | G12: 54342 | H12: 96594 | I12: 157885 | J12: 263897 | K12: 351227 | L12: 440888 | M12: 536234 | N12: 615592 | O12: 670974
... A26: CE | B26: 2307 | C26: Sul Cearense | D26: 199588 | E26: 309175 | F26: 393672 | G26: 437351 | H26: 543765 | I26: 619057 | J26: 687191 | K26: 721682 | L26: 789868 | M26: 838386 | N26: 876600 | O26: 946597
A27: DF | B27: 5301 | C27: Distrito Federal | G27: 139796 | H27: 537492 | I27: 1176908 | J27: 1601094 | K27: 1821946 | L27: 2051146 | M27: 2455903 | N27: 2570160 | O27: 2817381
A28: ES | B28: 3201 | C28: Noroeste Espírito-santense | D28: 22364 | E28: 124676 | F28: 218631 | G28: 472774 | H28: 367299 | I28: 363320 | J28: 358415 | K28: 362841 | L28: 387205 | M28: 392015 | N28: 413065 | O28: 425596
A29: ES | B29: 3202 | C29: Litoral Norte Espírito-santense | D29: 53210 | E29: 68790 | F29: 118415 | G29: 187847 | H29: 271639 | I29: 320837 | J29: 405986 | K29: 436088 | L29: 459500 | M29: 497320 | N29: 548850 | O29: 607584
A30: ES | B30: 3203 | C30: Central Espírito-santense | D30: 186490 | E30: 248747 | F30: 273326 | G30: 380230 | H30: 606946 | I30: 955452 | J30: 1380161 | K30: 1524240 | L30: 1719008 | M30: 1907522 | N30: 1987103 | O30: 2208539
A31: ES | B31: 3204 | C31: Sul Espírito-santense | D31: 195264 | E31: 347936 | F31: 346866 | G31: 377497 | H31: 353440 | I31: 383729 | J31: 456056 | K31: 479538 | L31: 531784 | M31: 554812 | N31: 565934 | O31: 591993
A32: GO | B32: 5201 | C32: Noroeste Goiano | D32: 21223 | E32: 44250 | F32: 136444 | G32: 109482 | H32: 163968 | I32: 196848 | J32: 216445 | K32: 216430 | L32: 219901 | M32: 216528 | N32: 220541 | O32: 223185
A33: GO | B33: 5202 | C33: Norte Goiano | D33: 20164 | E33: 24833 | F33: 49597 | G33: 99423 | H33: 172826 | I33: 238423 | J33: 290182 | K33: 283535 | L33: 282521 | M33: 281061 | N33: 294110 | O33: 296277
A34: GO | B34: 5203 | C34: Centro Goiano | D34: 71329 | E34: 171865 | F34: 325924 | G34: 714836 | H34: 1155939 | I34: 1571958 | J34: 2042273 | K34: 2300832 | L34: 2536110 | M34: 2924950 | N34: 3056794 | O34: 3581463
A35: GO | B35: 5204 | C35: Leste Goiano | D35: 85984 | E35: 105241 | F35: 129604 | G35: 161338 | H35: 210978 | I35: 328653 | J35: 558241 | K35: 733060 | L35: 907456 | M35: 1063068 | N35: 1159722 | O35: 1460932
A36: GO | B36: 5205 | C36: Sul Goiano | D36: 201322 | E36: 315829 | F36: 369312 | G36: 508709 | H36: 713179 | I36: 785243 | J36: 911762 | K36: 981110 | L36: 1058208 | M36: 1161428 | N36: 1272621 | O36: 1494638
A37: MA | B37: 2101 | C37: Norte Maranhense | D37: 380995 | E37: 485158 | F37: 615475 | G37: 847570 | H37: 1058643 | I37: 1425215 | J37: 1785526 | K37: 1951392 | L37: 2147128 | M37: 2410001 | N37: 2605412 | O37: 2779620
A38: MA | B38: 2102 | C38: Oeste Maranhense | D38: 33687 | E38: 48352 | F38: 59867 | G38: 297292 | H38: 438420 | I38: 733355 | J38: 1080060 | K38: 1139949 | L38: 1241181 | M38: 1314126 | N38: 1409940 | O38: 1401349
A39: MA | B39: 2103 | C39: Centro Maranhense | D39: 82970 | E39: 166853 | F39: 240288 | G39: 509909 | H39: 598581 | I39: 734298 | J39: 794406 | K39: 802205 | L39: 843035 | M39: 855512 | N39: 915039 | O39: 910262
... A61: MT | B61: 5104 | C61: Centro-Sul Mato-grossense | D61: 87099 | E61: 128209 | F61: 140456 | G61: 201694 | H61: 330471 | I61: 474722 | J61: 794898 | K61: 847978 | L61: 931042 | M61: 994883 | N61: 1047416 | O61: 1189667
A62: MT | B62: 5105 | C62: Sudeste Mato-grossense | E62: 41623 | F62: 51396 | G62: 91956 | H62: 190779 | I62: 219932 | J62: 289267 | K62: 322145 | L62: 359306 | M62: 406054 | N62: 447935 | O62: 561098
A63: PA | B63: 1501 | C63: Baixo Amazonas | D63: 129473 | E63: 130210 | F63: 153326 | G63: 221953 | H63: 304489 | I63: 467422 | J63: 560797 | K63: 577670 | L63: 638320 | M63: 682969 | N63: 736432 | O63: 845084
A64: PA | B64: 1502 | C64: Marajó | D64: 150824 | E64: 124815 | F64: 153265 | G64: 178589 | H64: 214295 | I64: 283029 | J64: 317022 | K64: 340744 | L64: 380555 | M64: 438694 | N64: 487010 | O64: 557220
A65: PA | B65: 1503 | C65: Metropolitana de Belém | D65: 236402 | E65: 237840 | F65: 322835 | G65: 489473 | H65: 774288 | I65: 1175563 | J65: 1620564 | K65: 1832257 | L65: 2086551 | M65: 2388927 | N65: 2437297 | O65: 2432714
A66: PA | B66: 1504 | C66: Nordeste Paraense | D66: 387569 | E66: 388184 | F66: 452515 | G66: 581216 | H66: 721752 | I66: 1008983 | J66: 1218214 | K66: 1315722 | L66: 1475673 | M66: 1622402 | N66: 1789387 | O66: 1897410
A67: PA | B67: 1505 | C67: Sudoeste Paraense | D67: 24939 | E67: 15580 | F67: 18531 | G67: 25576 | H67: 39825 | I67: 104209 | J67: 344008 | K67: 399464 | L67: 422226 | M67: 493443 | N67: 483411 | O67: 583074
A68: PA | B68: 1506 | C68: Sudeste Paraense | D68: 17823 | E68: 17268 | F68: 22801 | G68: 41386 | H68: 112349 | I68: 364292 | J68: 889455 | K68: 1044992 | L68: 1192640 | M68: 1439138 | N68: 1647514 | O68: 1805523
A69: PB | B69: 2501 | C69: Sertão Paraibano | D69: 205774 | E69: 380399 | F69: 462478 | G69: 542799 | H69: 674988 | I69: 764450 | J69: 802825 | K69: 801151 | L69: 819855 | M69: 847330 | N69: 863178 | O69: 866122
A70: PB | B70: 2502 | C70: Borborema | D70: 113450 | E70: 157315 | F70: 181104 | G70: 191856 | H70: 234880 | I70: 263526 | J70: 268336 | K70: 267843 | L70: 277116 | M70: 291476 | N70: 298263 | O70: 305554
A71: PB | B71: 2503 | C71: Agreste Paraibano | D71: 442621 | E71: 588682 | F71: 707417 | G71: 797154 | H71: 894885 | I71: 996924 | J71: 1110553 | K71: 1132091 | L71: 1151229 | M71: 1186906 | N71: 1213279 | O71: 1249493
A72: PB | B72: 2504 | C72: Mata Paraibana | D72: 199261 | E72: 295886 | F72: 362260 | G72: 459336 | H72: 577710 | I72: 745446 | J72: 1019400 | K72: 1104531 | L72: 1196594 | M72: 1315683 | N72: 1391808 | O72: 1553518
A73: PE | B73: 2601 | C73: Sertão Pernambucano | D73: 203521 | E73: 320835 | F73: 449547 | G73: 493810 | H73: 659044 | I73: 781957 | J73: 874080 | K73: 865312 | L73: 912534 | M73: 964049 | N73: 996830 | O73: 1051783
A74: PE | B74: 2602 | C74: São Francisco Pernambucano | D74: 73160 | E74: 72515 | F74: 95955 | G74: 121342 | H74: 195361 | I74: 271873 | J74: 380991 | K74: 419937 | L74: 465927 | M74: 540156 | N74: 578203 | O74: 677190
... A81: PI | B81: 2204 | C81: Sudeste Piauiense | D81: 119098 | E81: 157784 | F81: 212214 | G81: 232711 | H81: 316012 | I81: 391802 | J81: 448106 | K81: 449639 | L81: 479933 | M81: 509421 | N81: 519395 | O81: 529176
A82: PR | B82: 4101 | C82: Noroeste Paranaense | G82: 512758 | H82: 962778 | I82: 746543 | J82: 655509 | K82: 628840 | L82: 641084 | M82: 652605 | N82: 678319 | O82: 726229
A83: PR | B83: 4102 | C83: Centro Ocidental Paranaense | F83: 32948 | G83: 230971 | H83: 528734 | I83: 406734 | J83: 387451 | K83: 356191 | L83: 346686 | M83: 331220 | N83: 334125 | O83: 341931
A84: PR | B84: 4103 | C84: Norte Central Paranaense | D84: 3946 | E84: 104278 | F84: 517595 | G84: 1150326 | H84: 1521540 | I84: 1459566 | J84: 1638677 | K84: 1724115 | L84: 1829191 | M84: 1954862 | N84: 2037183 | O84: 2271620
A85: PR | B85: 4104 | C85: Norte Pioneiro Paranaense | D85: 72627 | E85: 236171 | F85: 423744 | G85: 608559 | H85: 705953 | I85: 571713 | J85: 555339 | K85: 540178 | L85: 548190 | M85: 540296 | N85: 546224 | O85: 546187
A86: PR | B86: 4105 | C86: Centro Oriental Paranaense | D86: 120342 | E86: 178929 | F86: 216751 | G86: 253742 | H86: 355253 | I86: 472655 | J86: 547559 | K86: 581143 | L86: 623356 | M86: 674124 | N86: 689279 | O86: 758121
A87: PR | B87: 4106 | C87: Oeste Paranaense | D87: 14427 | E87: 7645 | F87: 16421 | G87: 135036 | H87: 752432 | I87: 960775 | J87: 1016481 | K87: 1078584 | L87: 1138626 | M87: 1245391 | N87: 1219558 | O87: 1403266
A88: PR | B88: 4107 | C88: Sudoeste Paranaense | G88: 212628 | H88: 446360 | I88: 521269 | J88: 478126 | K88: 472425 | L88: 472626 | M88: 476540 | N88: 497127 | O88: 572169
A89: PR | B89: 4108 | C89: Centro-Sul Paranaense | D89: 56524 | E89: 136959 | F89: 245458 | G89: 242638 | H89: 338136 | I89: 484245 | J89: 501428 | K89: 526914 | L89: 533799 | M89: 543564 | N89: 544190 | O89: 551246
A90: PR | B90: 4109 | C90: Sudeste Paranaense | D90: 116303 | E90: 193534 | F90: 207338 | G90: 222908 | H90: 267830 | I90: 302530 | J90: 348617 | K90: 360914 | L90: 377612 | M90: 396081 | N90: 404779 | O90: 407850
A91: PR | B91: 4110 | C91: Metropolitana de Curitiba | D91: 301542 | E91: 378760 | F91: 455292 | G91: 694155 | H91: 1050805 | I91: 1703819 | J91: 2319526 | K91: 2734500 | L91: 3053473 | M91: 3469820 | N91: 3493742 | O91: 3865761
A92: RJ | B92: 3301 | C92: Noroeste Fluminense | D92: 217422 | E92: 284601 | F92: 267245 | G92: 259680 | H92: 230153 | I92: 229782 | J92: 273062 | K92: 283596 | L92: 297837 | M92: 307032 | N92: 317493 | O92: 324037
A93: RJ | B93: 3302 | C93: Norte Fluminense | D93: 311516 | E93: 364518 | F93: 381458 | G93: 449704 | H93: 486446 | I93: 527590 | J93: 611576 | K93: 653844 | L93: 699292 | M93: 766246 | N93: 849515 | O93: 920826
A94: RJ | B94: 3303 | C94: Centro Fluminense | D94: 257597 | E94: 238061 | F94: 243541 | G94: 273906 | H94: 303540 | I94: 354123 | J94: 425722 | K94: 434338 | L94: 452646 | M94: 464746 | N94: 481357 | O94: 494004
A95: RJ | B95: 3304 | C95: Baixadas | D95: 125901 | E95: 99487 | F95: 99486 | G95: 124477 | H95: 170498 | I95: 225485 | J95: 304153 | K95: 379964 | L95: 462325 | M95: 591262 | N95: 700842 | O95: 868285
A96: RJ | B96: 3305 | C96: Sul Fluminense | D96: 205373 | E96: 195085 | F96: 260668 | G96: 372238 | H96: 503045 | I96: 678243 | J96: 803752 | K96: 860442 | L96: 933983 | M96: 1026143 | N96: 1062237 | O96: 1077807
A97: RJ | B97: 3306 | C97: Metropolitana do Rio de Janeiro | D97: 1589161 | E97: 2430246 | F97: 3422247 | G97: 5169641 | H97: 7301120 | I97: 9276408 | J97: 10389441 | K97: 10794124 | L97: 11546023 | M97: 12264946 | N97: 12578485 | O97: 12370215
A98: RN | B98: 2401 | C98: Oeste Potiguar | D98: 136525 | E98: 206170 | F98: 269851 | G98: 332781 | H98: 462860 | I98: 568272 | J98: 688776 | K98: 710312 | L98: 742075 | M98: 789009 | N98: 826707 | O98: 842503
A99: RN | B99: 2402 | C99: Central Potiguar | D99: 145081 | E99: 197473 | F99: 210403 | G99: 213239 | H99: 282297 | I99: 299749 | J99: 341854 | K99: 340337 | L99: 360612 | M99: 373814 | N99: 381846 | O99: 382899
A100: RN | B100: 2403 | C100: Agreste Potiguar | D100: 62850 | E100: 132817 | F100: 182307 | G100: 234311 | H100: 290707 | I100: 317615 | J100: 353135 | K100: 372929 | L100: 388785 | M100: 411537 | N100: 426757 | O100: 428441
... A102: RO | B102: 1101 | C102: Madeira-Guaporé | D102: 23305 | E102: 14417 | F102: 36935 | G102: 70232 | H102: 111064 | I102: 168633 | J102: 337741 | K102: 389725 | L102: 472373 | M102: 543357 | N102: 611689 | O102: 636735
A103: RO | B103: 1102 | C103: Leste Rondoniense | I103: 322392 | J103: 794951 | K103: 839581 | L103: 908579 | M103: 910399 | N103: 950720 | O103: 944461
A104: RR | B104: 1401 | C104: Norte de Roraima | D104: 7424 | E104: 10509 | F104: 17247 | G104: 25705 | H104: 36464 | I104: 67017 | J104: 176126 | K104: 202758 | L104: 260596 | M104: 316336 | N104: 362681 | O104: 528156
A105: RR | B105: 1402 | C105: Sul de Roraima | D105: 1490 | E105: 3024 | F105: 869 | G105: 3166 | H105: 4421 | I105: 12104 | J105: 41457 | K105: 44373 | L105: 63801 | M105: 79389 | N105: 87798 | O105: 108551
A106: RS | B106: 4301 | C106: Noroeste Rio-grandense | D106: 372567 | E106: 809238 | F106: 1112872 | G106: 1482733 | H106: 1791995 | I106: 1905566 | J106: 1943386 | K106: 1955327 | L106: 1959688 | M106: 1937239 | N106: 1946510 | O106: 1981313
A107: RS | B107: 4302 | C107: Nordeste Rio-grandense | D107: 246871 | E107: 326392 | F107: 417748 | G107: 465023 | H107: 560344 | I107: 648540 | J107: 784798 | K107: 855752 | L107: 923118 | M107: 1001725 | N107: 1054203 | O107: 1134876
A108: RS | B108: 4303 | C108: Centro Ocidental Rio-grandense | D108: 136893 | E108: 217603 | F108: 252730 | G108: 345446 | H108: 407563 | I108: 430890 | J108: 479797 | K108: 503970 | L108: 526558 | M108: 541027 | N108: 536938 | O108: 529887
A109: RS | B109: 4304 | C109: Centro Oriental Rio-grandense | D109: 265697 | E109: 396597 | F109: 452660 | G109: 505133 | H109: 559246 | I109: 585851 | J109: 664328 | K109: 698008 | L109: 732957 | M109: 761062 | N109: 778841 | O109: 815060
A110: RS | B110: 4305 | C110: Metropolitana de Porto Alegre | D110: 525243 | E110: 789293 | F110: 1036556 | G110: 1525140 | H110: 2137832 | I110: 2877991 | J110: 3757500 | K110: 4052528 | L110: 4403498 | M110: 4709718 | N110: 4742302 | O110: 4831544
A111: RS | B111: 4306 | C111: Sudoeste Rio-grandense | D111: 301493 | E111: 366986 | F111: 406308 | G111: 476964 | H111: 555285 | I111: 606267 | J111: 694571 | K111: 721381 | L111: 747115 | M111: 713743 | N111: 723005 | O111: 698692
A112: RS | B112: 4307 | C112: Sudeste Rio-grandense | D112: 333430 | E112: 414580 | F112: 485947 | G112: 588220 | H112: 652576 | I112: 718744 | J112: 814290 | K112: 847722 | L112: 894908 | M112: 918326 | N112: 912130 | O112: 891593
A113: SC | B113: 4201 | C113: Oeste Catarinense | D113: 24650 | E113: 138466 | F113: 280199 | G113: 470431 | H113: 745638 | I113: 931330 | J113: 1051083 | K113: 1077901 | L113: 1116963 | M113: 1152766 | N113: 1200712 | O113: 1358188
A114: SC | B114: 4202 | C114: Norte Catarinense | D114: 134034 | E114: 218738 | F114: 269620 | G114: 330647 | H114: 421703 | I114: 610697 | J114: 838211 | K114: 935716 | L114: 1026606 | M114: 1141018 | N114: 1212843 | O114: 1446326
A115: SC | B115: 4203 | C115: Serrana | D115: 79466 | E115: 174406 | F115: 184352 | G115: 255930 | H115: 324298 | I115: 349638 | J115: 375121 | K115: 372262 | L115: 401184 | M115: 406765 | N115: 406741 | O115: 423004
... A128: SP | B128: 3507 | C128: Campinas | D128: 581968 | E128: 596387 | F128: 645556 | G128: 854075 | H128: 1196599 | I128: 1927820 | J128: 2680848 | K128: 2976079 | L128: 3271634 | M128: 3592931 | N128: 3785620 | O128: 4184986
A129: SP | B129: 3508 | C129: Presidente Prudente | E129: 216500 | F129: 546585 | G129: 712200 | H129: 699539 | I129: 683087 | J129: 749942 | K129: 770476 | L129: 803870 | M129: 828824 | N129: 848124 | O129: 873642
A130: SP | B130: 3509 | C130: Marília | D130: 12811 | E130: 281452 | F130: 318708 | G130: 339568 | H130: 303954 | I130: 327550 | J130: 372752 | K130: 388594 | L130: 418121 | M130: 436707 | N130: 440058 | O130: 461944
A131: SP | B131: 3510 | C131: Assis | D131: 154723 | E131: 286191 | F131: 319621 | G131: 373767 | H131: 390443 | I131: 381005 | J131: 459147 | K131: 491799 | L131: 517504 | M131: 539240 | N131: 553778 | O131: 569948
A132: SP | B132: 3511 | C132: Itapetininga | D132: 193542 | E132: 246871 | F132: 269325 | G132: 332029 | H132: 409667 | I132: 522116 | J132: 642999 | K132: 690372 | L132: 748748 | M132: 793469 | N132: 824453 | O132: 885913
A133: SP | B133: 3512 | C133: Macro Metropolitana Paulista | D133: 366906 | E133: 389967 | F133: 455127 | G133: 617231 | H133: 847321 | I133: 1273426 | J133: 1776056 | K133: 1972133 | L133: 2251083 | M133: 2452227 | N133: 2644519 | O133: 3131867
A134: SP | B134: 3513 | C134: Vale do Paraíba Paulista | D134: 428609 | E134: 396344 | F134: 477235 | G134: 610559 | H134: 834652 | I134: 1221221 | J134: 1651594 | K134: 1792714 | L134: 1992110 | M134: 2155485 | N134: 2264594 | O134: 2505723
A135: SP | B135: 3514 | C135: Litoral Sul Paulista | D135: 64802 | E135: 84231 | F135: 101657 | G135: 117202 | H135: 164587 | I135: 241369 | J135: 324286 | K135: 366321 | L135: 424736 | M135: 442982 | N135: 462390 | O135: 516585
A136: SP | B136: 3515 | C136: Metropolitana de São Paulo | D136: 826594 | E136: 1758446 | F136: 2923038 | G136: 5143547 | H136: 8766441 | I136: 13494185 | J136: 16567317 | K136: 17764716 | L136: 19198273 | M136: 20655102 | N136: 21154988 | O136: 22294672
A137: TO | B137: 1701 | C137: Ocidental do Tocantins | D137: 38993 | E137: 66300 | F137: 81681 | G137: 187477 | H137: 346426 | I137: 527080 | J137: 655329 | K137: 713129 | L137: 764552 | M137: 793841 | N137: 870586 | O137: 910716
A138: TO | B138: 1702 | C138: Oriental do Tocantins | D138: 72904 | E138: 98096 | F138: 122360 | G138: 136195 | H138: 174713 | I138: 211969 | J138: 264534 | K138: 335513 | L138: 393138 | M138: 449786 | N138: 512859 | O138: 600744

Sheet serv_pub_mes
A1: Sigla | B1: Codigo | C1: Meso-região | D1: 1920 | E1: 1939 | F1: 1949 | G1: 1959 | H1: 1970 | I1: 1975 | J1: 1980 | K1: 1985 | L1: 1996 | M1: 1999 | N1: 2000 | O1: 2001 | P1: 2002 | Q1: 2003 | R1: 2004 | S1: 2005 | T1: 2006 | U1: 2007 | V1: 2008 | W1: 2009 | X1: 2010 | Y1: 2011 | Z1: 2012 | AA1: 2013 | AB1: 2014 | AC1: 2015 | AD1: 2016 | AE1: 2017 | AF1: 2018 | AG1: 2019 | AH1: 2020 | AI1: 2021
A2: AC | B2: 1201 | C2: Vale do Juruá | D2: 1575.29 | E2: 2898.0617 | F2: 35382.256 | G2: 29296.384 | H2: 39775.005 | I2: 40611.279 | J2: 187335.08 | K2: 425866.77 | L2: 440157.8 | M2: 456498.02 | N2: 536470.8 | O2: 539025.69 | P2: 568917.9 | Q2: 606766.8 | R2: 660426.5 | S2: 716884.32 | T2: 759211.94 | U2: 793767.64 | V2: 785939.21 | W2: 788500.15 | X2: 828514.49 | Y2: 882337.38 | Z2: 911330.15 | AA2: 874078.66 | AB2: 870135.95 | AC2: 890587.64 | AD2: 898244.39 | AE2: 886540.13 | AF2: 890649.03 | AG2: 906925.6
A3: AC | B3: 1202 | C3: Vale do Acre | D3: 4004.3632 | E3: 10922.412 | F3: 141946.54 | G3: 156518.63 | H3: 282446.06 | I3: 353582.02 | J3: 1535227 | K3: 1144725.4 | L3: 1175811.4 | M3: 1237144.7 | N3: 1424793.5 | O3: 1429834.9 | P3: 1442158.1 | Q3: 1530417.5 | R3: 1672070.1 | S3: 1777841.5 | T3: 1866464.7 | U3: 1928689 | V3: 1975805.8 | W3: 1984931.3 | X3: 2097088 | Y3: 2259535.9 | Z3: 2303125.7 | AA3: 2238141.5 | AB3: 2225099.7 | AC3: 2285323.1 | AD3: 2297520.9 | AE3: 2301449.6 | AF3: 2292015.4 | AG3: 2235891.5
A4: AL | B4: 2701 | C4: Sertão Alagoano | D4: 1358.838 | E4: 6060.9787 | F4: 25886.892 | G4: 33304.706 | H4: 47922.98 | I4: 102901.2 | J4: 187264.05 | K4: 507869.39 | L4: 529780.86 | M4: 534311.96 | N4: 648407.28 | O4: 642492.66 | P4: 653653.17 | Q4: 705848.17 | R4: 765871.87 | S4: 826959 | T4: 881210.2 | U4: 914861.47 | V4: 939664.69 | W4: 979042.58 | X4: 987615.4 | Y4: 1058454.1 | Z4: 1044697.5 | AA4: 1023638.4 | AB4: 1062076.5 | AC4: 1078291.1 | AD4: 1094685.8 | AE4: 1075334.9 | AF4: 1099854 | AG4: 1075550.3
A5: AL | B5: 2702 | C5: Agreste Alagoano | D5: 937.95896 | E5: 6265.9393 | F5: 33186.551 | G5: 43750.121 | H5: 66159.387 | I5: 183098.67 | J5: 373337.38 | K5: 733241.33 | L5: 756331.88 | M5: 779739.28 | N5: 908484.98 | O5: 907425.2 | P5: 920928.81 | Q5: 973629.02 | R5: 1058207.3 | S5: 1126356.9 | T5: 1221426.7 | U5: 1267008.3 | V5: 1306324.3 | W5: 1366554.3 | X5: 1387126.8 | Y5: 1482104 | Z5: 1445230.5 | AA5: 1447850.4 | AB5: 1521405 | AC5: 1501925.2 | AD5: 1533567.3 | AE5: 1503959.6 | AF5: 1523975.8 | AG5: 1476699.7
A6: AL | B6: 2703 | C6: Leste Alagoano | D6: 22270.513 | E6: 63728.117 | F6: 416190.1 | G6: 582850.1 | H6: 880219.52 | I6: 2152914 | J6: 3563582.7 | K6: 2258511.2 | L6: 2320980.2 | M6: 2531482.2 | N6: 3050648.8 | O6: 2989831.1 | P6: 3049131.6 | Q6: 3241759.8 | R6: 3522322.4 | S6: 3753427.1 | T6: 4068543.7 | U6: 4267148.5 | V6: 4383185 | W6: 4524224.9 | X6: 4548473.1 | Y6: 4902930.7 | Z6: 4866992.9 | AA6: 4822734.5 | AB6: 4966189.7 | AC6: 4994154.8 | AD6: 5024761.6 | AE6: 4967514.6 | AF6: 4972256.6 | AG6: 4986965.6
A7: AM | B7: 1301 | C7: Norte Amazonense | D7: 192.40184 | E7: 656.1649 | F7: 16666.965 | G7: 20282.35 | H7: 30851.617 | I7: 26555.602 | J7: 141478.81 | K7: 171526.79 | L7: 175372.34 | M7: 187614.93 | N7: 208564.74 | O7: 210921.89 | P7: 219787.83 | Q7: 237483.19 | R7: 265366.54 | S7: 288238.35 | T7: 302748.77 | U7: 306674.24 | V7: 312866.62 | W7: 321602.6 | X7: 322167.78 | Y7: 345079.05 | Z7: 356429.56 | AA7: 347853.55 | AB7: 330513.46 | AC7: 344610.32 | AD7: 351097.66 | AE7: 368931.69 | AF7: 372051.32 | AG7: 384008.95
A8: AM | B8: 1302 | C8: Sudoeste Amazonense | D8: 1394.9133 | E8: 3526.8864 | F8: 39256.194 | G8: 37154.709 | H8: 43396.282 | I8: 50793.281 | J8: 290382.88 | K8: 546628.55 | L8: 561030.76 | M8: 583676.52 | N8: 649964.55 | O8: 650950.81 | P8: 655525.75 | Q8: 719867.55 | R8: 795608.53 | S8: 774478.02 | T8: 811555.55 | U8: 822049.2 | V8: 868589.7 | W8: 934633.67 | X8: 914231.48 | Y8: 1012047.4 | Z8: 1054712.8 | AA8: 1021911.9 | AB8: 974205.92 | AC8: 1031666 | AD8: 1048043 | AE8: 1115102.3 | AF8: 1126988.9 | AG8: 1163212.1
A9: AM | B9: 1303 | C9: Centro Amazonense | D9: 17496.542 | E9: 50059.914 | F9: 541374.7 | G9: 785097.58 | H9: 1336377 | I9: 1152512.9 | J9: 4728411.9 | K9: 3980101.4 | L9: 4139995.9 | M9: 4382123.2 | N9: 4832460.7 | O9: 4769150.4 | P9: 4968009.9 | Q9: 5461437.2 | R9: 6193399.3 | S9: 6070776.3 | T9: 6421991.6 | U9: 6581918.1 | V9: 6903822.8 | W9: 7175814.4 | X9: 7395539.1 | Y9: 7880494.2 | Z9: 8191103.3 | AA9: 7826892 | AB9: 7585625.5 | AC9: 7829712.9 | AD9: 7995324.1 | AE9: 8456962.3 | AF9: 8324972.9 | AG9: 8355332.4
A10: AM | B10: 1304 | C10: Sul Amazonense | D10: 2152.4956 | E10: 2925.4019 | F10: 15038.862 | G10: 19553.612 | H10: 40977.981 | I10: 34902.01 | J10: 203136.51 | K10: 370865.38 | L10: 408655.07 | M10: 438918.18 | N10: 465828.85 | O10: 461896.24 | P10: 473297.45 | Q10: 513505.71 | R10: 563575.8 | S10: 623350.38 | T10: 658295.69 | U10: 659914.48 | V10: 696222 | W10: 721148.98 | X10: 734097.79 | Y10: 783284.68 | Z10: 811469.81 | AA10: 787194.49 | AB10: 754353.82 | AC10: 783458.5 | AD10: 798516.62 | AE10: 835221.25 | AF10: 841392.31 | AG10: 865514.48
A11: AP | B11: 1601 | C11: Norte do Amapá | D11: 444.92925 | E11: 1157.4313 | F11: 13081.636 | G11: 18194.435 | H11: 21165.776 | I11: 9351.3389 | J11: 78928.638 | K11: 152769.44 | L11: 164146.04 | M11: 176217.65 | N11: 180847.32 | O11: 173996.05 | P11: 186236.74 | Q11: 195363.11 | R11: 217056.14 | S11: 277108.27 | T11: 301200.13 | U11: 311344.13 | V11: 297784.92 | W11: 307550.09 | X11: 325324.89 | Y11: 340256.7 | Z11: 329478.91 | AA11: 312868.44 | AB11: 321290.33 | AC11: 342086.77 | AD11: 356005.61 | AE11: 371741.04 | AF11: 374158.47 | AG11: 351971.56
A12: AP | B12: 1602 | C12: Sul do Amapá | D12: 877.83338 | E12: 893.71278 | F12: 75491.628 | G12: 126201 | H12: 192536.14 | I12: 190580.43 | J12: 1686981.9 | K12: 2109944.7 | L12: 2032286.1 | M12: 2170148.5 | N12: 2334609.2 | O12: 2243983.8 | P12: 2390750.6 | Q12: 2535284.8 | R12: 2861468.5 | S12: 2977505.8 | T12: 3189964.2 | U12: 3241765.5 | V12: 3374997.7 | W12: 3455533.9 | X12: 3669433.2 | Y12: 3804645 | Z12: 3710241.7 | AA12: 3547903.1 | AB12: 3625111.6 | AC12: 3748743.9 | AD12: 3854467.3 | AE12: 4019226.8 | AF12: 3982344.8 | AG12: 3712430.3
A13: BA | B13: 2901 | C13: Extremo Oeste Baiano | D13: 865.80827 | E13: 4042.051 | F13: 20520.298 | G13: 34936.581 | H13: 69931.743 | I13: 158180.22 | J13: 313873.11 | K13: 501201.33 | L13: 543858.33 | M13: 604983.83 | N13: 731272.23 | O13: 713130.31 | P13: 723291.87 | Q13: 834028.73 | R13: 882028.77 | S13: 935136.66 | T13: 975619.36 | U13: 1060305.3 | V13: 1118955.3 | W13: 1173345.5 | X13: 1217486.2 | Y13: 1307066.9 | Z13: 1356237.8 | AA13: 1396775 | AB13: 1355595.3 | AC13: 1409711.5 | AD13: 1435740.9 | AE13: 1498250.4 | AF13: 1492761.5 | AG13: 1373981.7
... A26: CE | B26: 2307 | C26: Sul Cearense | D26: 2344.8974 | E26: 12670.956 | F26: 56385.62 | G26: 65827.589 | H26: 99663.626 | I26: 210205.87 | J26: 416375.55 | K26: 814731.39 | L26: 865657.97 | M26: 928208.4 | N26: 1127261.8 | O26: 1092085.5 | P26: 1091544.3 | Q26: 1132678.2 | R26: 1261649 | S26: 1315062.1 | T26: 1485590.9 | U26: 1592093.7 | V26: 1664597.3 | W26: 1668296.9 | X26: 1651593.4 | Y26: 1730294.6 | Z26: 1864486.8 | AA26: 1882368 | AB26: 1830080.3 | AC26: 1918806.1 | AD26: 1939565.9 | AE26: 1997633.5 | AF26: 2015991 | AG26: 1897360.9
A27: DF | B27: 5301 | C27: Distrito Federal | F27: 3093324.3 | G27: 5911026.6 | H27: 8396015.6 | I27: 7425903.7 | J27: 26093533 | K27: 54335107 | L27: 52774658 | M27: 55991966 | N27: 39501384 | O27: 38272465 | P27: 41628766 | Q27: 42707232 | R27: 45987493 | S27: 46950800 | T27: 49899595 | U27: 54329849 | V27: 53848708 | W27: 54904351 | X27: 51469502 | Y27: 53130467 | Z27: 54386113 | AA27: 57122774 | AB27: 58395975 | AC27: 59969569 | AD27: 59610287 | AE27: 60243185 | AF27: 58717032 | AG27: 55343626
A28: ES | B28: 3201 | C28: Noroeste Espírito-santense | D28: 517.07994 | E28: 5363.6648 | F28: 69610.731 | G28: 105112.29 | H28: 118406.68 | I28: 153517.76 | J28: 456779.68 | K28: 767985.82 | L28: 779798.08 | M28: 774405.67 | N28: 831912.21 | O28: 882144.19 | P28: 903752.69 | Q28: 999532.05 | R28: 1058439 | S28: 1154449.6 | T28: 1228090 | U28: 1215964.4 | V28: 1285454.1 | W28: 1272872 | X28: 1286276.7 | Y28: 1302777.2 | Z28: 1278988.6 | AA28: 1231137.7 | AB28: 1178773.6 | AC28: 1160447.9 | AD28: 1153266.1 | AE28: 1194254.5 | AF28: 1148332.3 | AG28: 1116561.1
A29: ES | B29: 3202 | C29: Litoral Norte Espírito-santense | D29: 1755.6668 | E29: 6506.7409 | F29: 37062.26 | G29: 67583.206 | H29: 88269.13 | I29: 146590.54 | J29: 498815.38 | K29: 961409.7 | L29: 948777.32 | M29: 974930.14 | N29: 1062467.1 | O29: 1145490.8 | P29: 1227749.8 | Q29: 1340157.1 | R29: 1419258 | S29: 1612366.3 | T29: 1703941.8 | U29: 1737748.9 | V29: 1855730.8 | W29: 1869339.1 | X29: 1946095 | Y29: 1979730.5 | Z29: 1883966.5 | AA29: 1847160.8 | AB29: 1748900.2 | AC29: 1723669.6 | AD29: 1799261 | AE29: 1848904.5 | AF29: 1758122 | AG29: 1684020.3
A30: ES | B30: 3203 | C30: Central Espírito-santense | D30: 8597.9571 | E30: 67148.394 | F30: 507339.52 | G30: 856190.02 | H30: 1040791.7 | I30: 1418480.5 | J30: 3910699 | K30: 3501080.9 | L30: 3570420.7 | M30: 3580692.8 | N30: 3806584.8 | O30: 4083339.7 | P30: 4267692.9 | Q30: 4669357.5 | R30: 4898402.7 | S30: 5469411 | T30: 5633303.2 | U30: 5803066.6 | V30: 6216549.3 | W30: 6179854.6 | X30: 6377005.2 | Y30: 6528613.1 | Z30: 6356243.8 | AA30: 6010379.8 | AB30: 5688511.2 | AC30: 5568170.2 | AD30: 5678034.4 | AE30: 5814102.5 | AF30: 5447713.3 | AG30: 5246281
A31: ES | B31: 3204 | C31: Sul Espírito-santense | D31: 3102.4796 | E31: 24180.456 | F31: 76722.981 | G31: 130444.04 | H31: 164568.64 | I31: 225147.95 | J31: 636989.82 | K31: 1008815.6 | L31: 1044843.1 | M31: 1047418.8 | N31: 1118645.1 | O31: 1196843.8 | P31: 1259562.4 | Q31: 1404029.2 | R31: 1480498 | S31: 1590204.4 | T31: 1692301.7 | U31: 1697092.6 | V31: 1774415.5 | W31: 1781839.8 | X31: 1853267.3 | Y31: 1870108.3 | Z31: 1853398.5 | AA31: 1798879.6 | AB31: 1767768 | AC31: 1727641 | AD31: 1750252.4 | AE31: 1791203.3 | AF31: 1721886 | AG31: 1648151.8
A32: GO | B32: 5201 | C32: Noroeste Goiano | D32: 2849.9522 | E32: 4061.0773 | F32: 20669.981 | G32: 40869.361 | H32: 46801.872 | I32: 25455.346 | J32: 261733.92 | K32: 315272.77 | L32: 315600.68 | M32: 304681.05 | N32: 453309.18 | O32: 448567.85 | P32: 448161.72 | Q32: 467630.64 | R32: 488629.18 | S32: 515508.24 | T32: 541890.43 | U32: 503935.92 | V32: 541367.78 | W32: 557599.32 | X32: 566111.84 | Y32: 599900.56 | Z32: 619714.75 | AA32: 596565.45 | AB32: 571160.86 | AC32: 612360.65 | AD32: 607917.77 | AE32: 636156.64 | AF32: 601702.47 | AG32: 578944.88
A33: GO | B33: 5202 | C33: Norte Goiano | D33: 336.70322 | E33: 1084.9087 | F33: 13950.372 | G33: 32666.444 | H33: 44357.537 | I33: 25427.885 | J33: 334233.86 | K33: 419329.83 | L33: 418833.92 | M33: 416661.79 | N33: 598694.95 | O33: 558366.66 | P33: 581825.67 | Q33: 619068.76 | R33: 632854.78 | S33: 698768.43 | T33: 732488 | U33: 694294.19 | V33: 748691.84 | W33: 764261.63 | X33: 771533.01 | Y33: 818952.81 | Z33: 845708.96 | AA33: 827100.73 | AB33: 782588.88 | AC33: 843380.59 | AD33: 834172.88 | AE33: 880632.07 | AF33: 838505.72 | AG33: 808984.45
A34: GO | B34: 5203 | C34: Centro Goiano | D34: 1166.4361 | E34: 23794.688 | F34: 621243.38 | G34: 1212140.4 | H34: 1281696.2 | I34: 631416.65 | J34: 5856144.9 | K34: 3472477.6 | L34: 3691745.1 | M34: 3690585.6 | N34: 5063216.1 | O34: 5088570.5 | P34: 5451953.6 | Q34: 5717634.3 | R34: 6066034.5 | S34: 6505330.7 | T34: 6792029 | U34: 6733274.4 | V34: 7196524 | W34: 7613491.3 | X34: 7873158.9 | Y34: 8364679.2 | Z34: 8502052.1 | AA34: 8481185.3 | AB34: 8107702.2 | AC34: 8774433.3 | AD34: 8811933 | AE34: 9386184.3 | AF34: 8926046.8 | AG34: 8666644.6
A35: GO | B35: 5204 | C35: Leste Goiano | D35: 709.48178 | E35: 4852.7675 | F35: 21713.087 | G35: 60171.908 | H35: 115971.58 | I35: 80283.124 | J35: 1384307.6 | K35: 1115483.2 | L35: 1178784.5 | M35: 1184989.2 | N35: 1749235.7 | O35: 1766631.7 | P35: 1915012 | Q35: 2034160 | R35: 2220238.6 | S35: 2268518.8 | T35: 2427526.4 | U35: 2413791.5 | V35: 2553904 | W35: 2686745.7 | X35: 2756313.7 | Y35: 2953385.4 | Z35: 3036230.6 | AA35: 3033363.9 | AB35: 2961643.2 | AC35: 3170476.3 | AD35: 3242812.2 | AE35: 3449713.4 | AF35: 3272307.1 | AG35: 3190457.7
A36: GO | B36: 5205 | C36: Sul Goiano | D36: 3030.3289 | E36: 24732.987 | F36: 123345.54 | G36: 220618.26 | H36: 228411.41 | I36: 119606.2 | J36: 1300677.2 | K36: 1667842.9 | L36: 1727672.4 | M36: 1666565.8 | N36: 2458010.5 | O36: 2499979.6 | P36: 2600471.1 | Q36: 2710510.6 | R36: 2821142.9 | S36: 3008592.7 | T36: 3199986.6 | U36: 3011397.3 | V36: 3285565.3 | W36: 3419139.4 | X36: 3532572.1 | Y36: 3773387.3 | Z36: 3915809.1 | AA36: 3890467.2 | AB36: 3833029.6 | AC36: 4153136.2 | AD36: 4256589.8 | AE36: 4501113.3 | AF36: 4244261.3 | AG36: 4156844.4
A37: MA | B37: 2101 | C37: Norte Maranhense | D37: 19925.615 | E37: 57731.834 | F37: 423789.14 | G37: 652882.45 | H37: 862043.81 | I37: 1643315.2 | J37: 2985009.5 | K37: 1876238.3 | L37: 1905157.7 | M37: 2022323.9 | N37: 2479585.7 | O37: 2565535.2 | P37: 2687439.7 | Q37: 2891198.1 | R37: 3154738.8 | S37: 3304661.5 | T37: 3528168.4 | U37: 4046238.3 | V37: 4237244.8 | W37: 4331706.4 | X37: 4478856.8 | Y37: 4594823 | Z37: 4876527.5 | AA37: 5000725.4 | AB37: 5186860.4 | AC37: 5321968.5 | AD37: 5338326.1 | AE37: 5363113.8 | AF37: 5315885.8 | AG37: 5132776
A38: MA | B38: 2102 | C38: Oeste Maranhense | D38: 697.45666 | E38: 2340.8752 | F38: 26697.988 | G38: 46715.826 | H38: 77479.29 | I38: 171538.94 | J38: 492113.31 | K38: 1031187.1 | L38: 1116578.2 | M38: 1158584 | N38: 1438024.9 | O38: 1473988.4 | P38: 1499051.1 | Q38: 1589028.7 | R38: 1740702.9 | S38: 1783947.9 | T38: 1907884.1 | U38: 2163018.5 | V38: 2191041.1 | W38: 2335028.9 | X38: 2409476.6 | Y38: 2532154.4 | Z38: 2682982.2 | AA38: 2703467.9 | AB38: 2841268.5 | AC38: 2920777.5 | AD38: 3068685.8 | AE38: 3088428.2 | AF38: 3172945.6 | AG38: 3055959.5
A39: MA | B39: 2103 | C39: Centro Maranhense | D39: 1370.8631 | E39: 4359.88 | F39: 51094.633 | G39: 56217.957 | H39: 69558.566 | I39: 118683.12 | J39: 286878.13 | K39: 668096 | L39: 718034.22 | M39: 746659.23 | N39: 942761.75 | O39: 967415.14 | P39: 979130.57 | Q39: 1018192.7 | R39: 1119901 | S39: 1112880 | T39: 1189959.3 | U39: 1332535 | V39: 1371587.1 | W39: 1442751.3 | X39: 1477715.4 | Y39: 1550417.3 | Z39: 1689139.6 | AA39: 1681890.2 | AB39: 1733839.7 | AC39: 1795101.3 | AD39: 1893357.6 | AE39: 1927471.8 | AF39: 1951121.9 | AG39: 1809608.1
... A61: MT | B61: 5104 | C61: Centro-Sul Mato-grossense | D61: 7684.0484 | E61: 34294.343 | F61: 226412.59 | G61: 274817.53 | H61: 894356.1 | I61: 510591.74 | J61: 3037812.6 | K61: 1729602.9 | L61: 1811712.8 | M61: 1718959.1 | N61: 2063596.4 | O61: 2098387.4 | P61: 2164662.9 | Q61: 2306589.8 | R61: 2452974.2 | S61: 2565138.3 | T61: 2783148.4 | U61: 2869231.5 | V61: 3016061.4 | W61: 3095125.8 | X61: 3211244.4 | Y61: 3428569 | Z61: 3551268.8 | AA61: 3706427.6 | AB61: 3904394.9 | AC61: 3952903.7 | AD61: 4019149 | AE61: 3947324.4 | AF61: 3925101.6 | AG61: 3770211.3
A62: MT | B62: 5105 | C62: Sudeste Mato-grossense | E62: 2018.1937 | F62: 23743.209 | G62: 81442.006 | H62: 135318.45 | I62: 95995 | J62: 459738.83 | K62: 670384.65 | L62: 683939.94 | M62: 688928.19 | N62: 856949.57 | O62: 860602.97 | P62: 891778.44 | Q62: 1008120.3 | R62: 1095849.7 | S62: 1144311.3 | T62: 1260341 | U62: 1288196.1 | V62: 1376874.1 | W62: 1416863.6 | X62: 1465030.3 | Y62: 1583491.9 | Z62: 1646475.8 | AA62: 1704187.4 | AB62: 1815547.3 | AC62: 1841209.3 | AD62: 1892882.1 | AE62: 1904878.5 | AF62: 1975425.7 | AG62: 1849200.3
A63: PA | B63: 1501 | C63: Baixo Amazonas | D63: 3126.5299 | E63: 9698.9813 | F63: 34828.303 | G63: 71536.096 | H63: 105279.56 | I63: 72628.547 | J63: 467145.39 | K63: 675848.78 | L63: 716740.7 | M63: 796284.52 | N63: 984654.88 | O63: 1010011.3 | P63: 1020089.6 | Q63: 1054979.2 | R63: 1083650.6 | S63: 1189811.3 | T63: 1231542 | U63: 1320845.3 | V63: 1379892.6 | W63: 1499443.8 | X63: 1600996.9 | Y63: 1613166.8 | Z63: 1627082.4 | AA63: 1691485.1 | AB63: 1744583.7 | AC63: 1856065.5 | AD63: 1814302.8 | AE63: 1838776.2 | AF63: 1904056.2 | AG63: 1874377.5
A64: PA | B64: 1502 | C64: Marajó | D64: 6349.2606 | E64: 7867.6027 | F64: 17060.488 | G64: 20148.505 | H64: 20683.772 | I64: 24837.811 | J64: 176633.05 | K64: 405049.63 | L64: 423260.78 | M64: 468093.46 | N64: 580477.57 | O64: 576836.08 | P64: 595268.46 | Q64: 634412.59 | R64: 647663.74 | S64: 745307.16 | T64: 782123.65 | U64: 867730.14 | V64: 923298.97 | W64: 1009887.9 | X64: 1064287.4 | Y64: 1179201 | Z64: 1173272.9 | AA64: 1176761.2 | AB64: 1164877.8 | AC64: 1287446 | AD64: 1325701.3 | AE64: 1355489 | AF64: 1381252.6 | AG64: 1321327.4
A65: PA | B65: 1503 | C65: Metropolitana de Belém | D65: 32960.84 | E65: 113618.73 | F65: 752138.63 | G65: 1184467.7 | H65: 1465171.1 | I65: 1105216.7 | J65: 5587478.7 | K65: 2224953.9 | L65: 2237050.4 | M65: 2483440.1 | N65: 3067255.2 | O65: 3160314.9 | P65: 3273129.1 | Q65: 3387194.6 | R65: 3497171.3 | S65: 3807566.4 | T65: 3940181.2 | U65: 4130068.4 | V65: 4167645.2 | W65: 4433754.7 | X65: 4581546 | Y65: 4903233 | Z65: 4997822.5 | AA65: 5223517.7 | AB65: 5259527.5 | AC65: 5365317.4 | AD65: 5406223.4 | AE65: 5487122.8 | AF65: 5460223.7 | AG65: 5061620.5
A66: PA | B66: 1504 | C66: Nordeste Paraense | D66: 10642.227 | E66: 25463.489 | F66: 40587.645 | G66: 76173.218 | H66: 111363.18 | I66: 84394.513 | J66: 672573.93 | K66: 1498640.5 | L66: 1564948.6 | M66: 1751338.3 | N66: 2194403.1 | O66: 2168714.4 | P66: 2209691.1 | Q66: 2328220.9 | R66: 2401635.2 | S66: 2644822.8 | T66: 2808457.4 | U66: 3063564 | V66: 3209099 | W66: 3503642.8 | X66: 3598062.3 | Y66: 3843251 | Z66: 3909608.5 | AA66: 4002045.3 | AB66: 4029533.1 | AC66: 4341938.7 | AD66: 4353803.5 | AE66: 4463039.3 | AF66: 4574714.1 | AG66: 4354524.3
A67: PA | B67: 1505 | C67: Sudoeste Paraense | D67: 793.65758 | E67: 908.36381 | F67: 4286.1117 | G67: 12019.209 | H67: 67034.968 | I67: 34523.721 | J67: 295315.89 | K67: 510510.87 | L67: 501729.78 | M67: 540392.32 | N67: 675662.04 | O67: 671055.39 | P67: 658537.5 | Q67: 696898 | R67: 708044.39 | S67: 814269.01 | T67: 868501.79 | U67: 936625.24 | V67: 951675.42 | W67: 1032520.1 | X67: 1059710.4 | Y67: 1124279.8 | Z67: 1154464.6 | AA67: 1180549.8 | AB67: 1154948.7 | AC67: 1276020.2 | AD67: 1277953.5 | AE67: 1343704.9 | AF67: 1401331.6 | AG67: 1322922.3
A68: PA | B68: 1506 | C68: Sudeste Paraense | D68: 300.62787 | E68: 952.3169 | F68: 7877.3004 | G68: 25069.751 | H68: 72008.879 | I68: 93789.676 | J68: 908109.36 | K68: 1413438.5 | L68: 1508338.5 | M68: 1714628.8 | N68: 2070339.5 | O68: 2091893.2 | P68: 2190736.1 | Q68: 2309905.5 | R68: 2288160.8 | S68: 2620141.1 | T68: 2775571.8 | U68: 3051343.3 | V68: 3199320 | W68: 3575544.6 | X68: 3825006.6 | Y68: 4052812 | Z68: 4263240.3 | AA68: 4380024.4 | AB68: 4480749.2 | AC68: 4791765.9 | AD68: 4765242.4 | AE68: 4837286.9 | AF68: 5083811.9 | AG68: 4892018.2
A69: PB | B69: 2501 | C69: Sertão Paraibano | D69: 3727.7856 | E69: 22574.623 | F69: 78362.553 | G69: 116896.66 | H69: 182705.59 | I69: 308941.53 | J69: 557008.5 | K69: 1251917.4 | L69: 1253533.2 | M69: 1340884.1 | N69: 1573604.6 | O69: 1567796.6 | P69: 1603397.4 | Q69: 1745711.8 | R69: 1905197.3 | S69: 1999467.7 | T69: 2203445.1 | U69: 2315356.9 | V69: 2398039.4 | W69: 2374024.7 | X69: 2406830.2 | Y69: 2556586.8 | Z69: 2612885.1 | AA69: 2564104.1 | AB69: 2510039.5 | AC69: 2603050.6 | AD69: 2555006.9 | AE69: 2523731.2 | AF69: 2453528.8 | AG69: 2356511.2
A70: PB | B70: 2502 | C70: Borborema | D70: 1803.7672 | E70: 6930.2923 | F70: 28016.346 | G70: 35675.157 | H70: 49028.014 | I70: 80984.963 | J70: 183502.57 | K70: 453452.09 | L70: 454865.09 | M70: 496292.53 | N70: 574578.48 | O70: 571947.82 | P70: 587484.22 | Q70: 644187.39 | R70: 685514.87 | S70: 730690.57 | T70: 794184.81 | U70: 835150.94 | V70: 861862.54 | W70: 855896.91 | X70: 877351.57 | Y70: 925280.96 | Z70: 944463.72 | AA70: 943780.46 | AB70: 925402.12 | AC70: 955793.64 | AD70: 936753.12 | AE70: 936983.05 | AF70: 911496.33 | AG70: 876692.45
A71: PB | B71: 2503 | C71: Agreste Paraibano | D71: 6541.6625 | E71: 31083.969 | F71: 133971.54 | G71: 199043.62 | H71: 300892.53 | I71: 566580.5 | J71: 1117532.3 | K71: 1783676.9 | L71: 1817579.9 | M71: 1876925.2 | N71: 2198174.6 | O71: 2195838.9 | P71: 2240919.5 | Q71: 2433242.5 | R71: 2669756.2 | S71: 2788333.7 | T71: 3026707.9 | U71: 3170335.7 | V71: 3295552.4 | W71: 3274363.7 | X71: 3362738.1 | Y71: 3546348.9 | Z71: 3621367.3 | AA71: 3585044.5 | AB71: 3494510.6 | AC71: 3585236.3 | AD71: 3527674.5 | AE71: 3501216.6 | AF71: 3372104.4 | AG71: 3204138.2
A72: PB | B72: 2504 | C72: Mata Paraibana | D72: 13311.802 | E72: 62840.498 | F72: 391542 | G72: 626857.48 | H72: 994762.47 | I72: 1834218.3 | J72: 3350004.5 | K72: 1859865 | L72: 1855173.2 | M72: 2057902.9 | N72: 2437284.3 | O72: 2503435.5 | P72: 2625119.7 | Q72: 2818939.1 | R72: 3087971.9 | S72: 3192520.6 | T72: 3490339.4 | U72: 3607128.7 | V72: 3823827.6 | W72: 3872580.7 | X72: 4044791.4 | Y72: 4333248 | Z72: 4423216.1 | AA72: 4344300 | AB72: 4205037 | AC72: 4336767.3 | AD72: 4239884.8 | AE72: 4259904.5 | AF72: 4144144.2 | AG72: 3951990
A73: PE | B73: 2601 | C73: Sertão Pernambucano | D73: 1815.7923 | E73: 17481.786 | F73: 104479.71 | G73: 141101.91 | H73: 195745.78 | I73: 294010.92 | J73: 645069 | K73: 1327879 | L73: 1370308.9 | M73: 1444429.5 | N73: 1586718.1 | O73: 1522892.4 | P73: 1525669.8 | Q73: 1659949.4 | R73: 1773373.6 | S73: 1886753 | T73: 2032082.6 | U73: 2196297.9 | V73: 2282167.6 | W73: 2310924.8 | X73: 2355144.9 | Y73: 2456017 | Z73: 2570554.5 | AA73: 2467117.2 | AB73: 2468050.7 | AC73: 2618617.2 | AD73: 2618992.3 | AE73: 2658160.1 | AF73: 2501500.6 | AG73: 2417579.1
A74: PE | B74: 2602 | C74: São Francisco Pernambucano | D74: 1058.2101 | E74: 5285.5316 | F74: 55491.513 | G74: 78999.807 | H74: 115603.1 | I74: 187745.13 | J74: 417900.54 | K74: 712767.49 | L74: 745520.94 | M74: 800420.83 | N74: 892588.05 | O74: 880886.04 | P74: 902808.71 | Q74: 971109.12 | R74: 1043271.9 | S74: 1120320 | T74: 1192831.1 | U74: 1299147.8 | V74: 1365078.3 | W74: 1398706.6 | X74: 1425899.4 | Y74: 1457712.9 | Z74: 1531388.8 | AA74: 1482196.6 | AB74: 1503610.3 | AC74: 1624012.6 | AD74: 1624138.5 | AE74: 1672537.7 | AF74: 1583279.1 | AG74: 1579556.1
... A81: PI | B81: 2204 | C81: Sudeste Piauiense | D81: 1058.2101 | E81: 4498.8129 | F81: 28661.686 | G81: 57078.144 | H81: 84034.088 | I81: 154311.7 | J81: 308936.58 | K81: 493212.53 | L81: 496011.65 | M81: 555237.56 | N81: 703068.61 | O81: 695979.18 | P81: 697635.03 | Q81: 761862.38 | R81: 822831.33 | S81: 963230.85 | T81: 986387.39 | U81: 1046428.9 | V81: 1068861.4 | W81: 1118067.1 | X81: 1147910.3 | Y81: 1252551 | Z81: 1286329.5 | AA81: 1309657.2 | AB81: 1321457.2 | AC81: 1347929.2 | AD81: 1430730.5 | AE81: 1496286.7 | AF81: 1488478.6 | AG81: 1367651.6
A82: PR | B82: 4101 | C82: Noroeste Paranaense | F82: 137857.19 | G82: 192640.87 | H82: 237933.37 | I82: 222745.18 | J82: 822177.96 | K82: 900145.53 | L82: 917224.92 | M82: 932111.09 | N82: 1194420.8 | O82: 1202706.4 | P82: 1194394.2 | Q82: 1264694.3 | R82: 1292891.7 | S82: 1389694 | T82: 1461046.7 | U82: 1484058.1 | V82: 1536756.7 | W82: 1607450.3 | X82: 1690637.9 | Y82: 1827148.9 | Z82: 1901104.5 | AA82: 1902888.1 | AB82: 1971692.2 | AC82: 2062907.3 | AD82: 1985184.4 | AE82: 1982183.2 | AF82: 1932841.9 | AG82: 1805631.4
A83: PR | B83: 4102 | C83: Centro Ocidental Paranaense | F83: 52384.97 | G83: 83343.093 | H83: 116802.09 | I83: 99583.949 | J83: 352586.58 | K83: 463908.34 | L83: 453639.3 | M83: 465538.25 | N83: 598903.52 | O83: 600835.16 | P83: 599814.78 | Q83: 637853.07 | R83: 646301.01 | S83: 695873.15 | T83: 721527.88 | U83: 721954.12 | V83: 750938.93 | W83: 776511.67 | X83: 810258.25 | Y83: 879631.49 | Z83: 921424.34 | AA83: 923175.57 | AB83: 944306.02 | AC83: 977300.73 | AD83: 939086.16 | AE83: 930705.85 | AF83: 903144.22 | AG83: 836163.6
A84: PR | B84: 4103 | C84: Norte Central Paranaense | D84: 120.25115 | E84: 3908.336 | F84: 370672.37 | G84: 524410.16 | H84: 646444.83 | I84: 647254.81 | J84: 2615713 | K84: 2573273.8 | L84: 2711544.1 | M84: 2752323.2 | N84: 3517929.4 | O84: 3557350.4 | P84: 3556989.6 | Q84: 3780178.3 | R84: 3874912.5 | S84: 4047896.2 | T84: 4219253.6 | U84: 4247076.4 | V84: 4468337.5 | W84: 4686525.1 | X84: 5043029.6 | Y84: 5490209.4 | Z84: 5733960.1 | AA84: 5773000.6 | AB84: 6015094.3 | AC84: 6233433.6 | AD84: 6112266.7 | AE84: 6093199.2 | AF84: 6007338.5 | AG84: 5522932.9
A85: PR | B85: 4104 | C85: Norte Pioneiro Paranaense | D85: 1322.7626 | E85: 16218.862 | F85: 160430.76 | G85: 196104 | H85: 212208.63 | I85: 187810.03 | J85: 585500.26 | K85: 777831.76 | L85: 787654.01 | M85: 792346.37 | N85: 979090.39 | O85: 969688.81 | P85: 969591.1 | Q85: 1036820.7 | R85: 1065635.9 | S85: 1116677 | T85: 1172824.2 | U85: 1162898.3 | V85: 1200924.7 | W85: 1247850.6 | X85: 1310019.9 | Y85: 1407615.6 | Z85: 1459395.3 | AA85: 1458529.4 | AB85: 1508030.9 | AC85: 1567315.4 | AD85: 1494105.2 | AE85: 1479884.6 | AF85: 1461531.5 | AG85: 1361413.7
A86: PR | B86: 4105 | C86: Centro Oriental Paranaense | D86: 2922.1029 | E86: 46504.807 | F86: 172230.49 | G86: 232236.37 | H86: 265609.3 | I86: 234128.22 | J86: 807218.15 | K86: 882105.76 | L86: 909368.99 | M86: 930717.72 | N86: 1189588 | O86: 1192992.8 | P86: 1254064 | Q86: 1338225.3 | R86: 1366300.4 | S86: 1465767.3 | T86: 1486780.6 | U86: 1477117.4 | V86: 1527536.7 | W86: 1599726.3 | X86: 1694670.4 | Y86: 1826578.8 | Z86: 1893583.8 | AA86: 1913716 | AB86: 1971954 | AC86: 2050746.1 | AD86: 1988486 | AE86: 1962044.7 | AF86: 1927313.6 | AG86: 1822940.5
A87: PR | B87: 4106 | C87: Oeste Paranaense | D87: 853.78315 | E87: 6265.048 | F87: 157034.78 | G87: 260389.92 | H87: 375889.95 | I87: 358403.05 | J87: 1614203.2 | K87: 1770967.8 | L87: 1752341.8 | M87: 1769775.4 | N87: 2287276.2 | O87: 2285748.2 | P87: 2335575.5 | Q87: 2484899.9 | R87: 2552586.5 | S87: 2696290.1 | T87: 2774892.5 | U87: 2772256 | V87: 2821904.4 | W87: 2927959.8 | X87: 3124737.3 | Y87: 3322869.9 | Z87: 3516881.2 | AA87: 3498967.6 | AB87: 3726194.4 | AC87: 3903881.7 | AD87: 3743263.4 | AE87: 3774971 | AF87: 3711430.7 | AG87: 3466135.2
A88: PR | B88: 4107 | C88: Sudoeste Paranaense | F88: 55737.276 | G88: 88215.796 | H88: 121369.7 | I88: 122230.18 | J88: 502427.8 | K88: 706051.75 | L88: 687788.89 | M88: 682105.26 | N88: 868907.18 | O88: 864972.21 | P88: 874692.71 | Q88: 925582.94 | R88: 947073.48 | S88: 1010220.1 | T88: 1057080.5 | U88: 1056703 | V88: 1111889.9 | W88: 1167440.7 | X88: 1228966.7 | Y88: 1327683.9 | Z88: 1399887.6 | AA88: 1408666.1 | AB88: 1463935.2 | AC88: 1528172.2 | AD88: 1478183.8 | AE88: 1483065.9 | AF88: 1440673.6 | AG88: 1362393.5
A89: PR | B89: 4108 | C89: Centro-Sul Paranaense | D89: 1034.1599 | E89: 6221.1341 | F89: 69423.84 | G89: 97495.039 | H89: 117422.16 | I89: 112892.12 | J89: 478258.92 | K89: 775755.29 | L89: 751439.98 | M89: 763669.62 | N89: 959660.54 | O89: 992121.38 | P89: 1000731.4 | Q89: 1062963.7 | R89: 1089870.6 | S89: 1123859.3 | T89: 1163558.3 | U89: 1158184.5 | V89: 1170721.3 | W89: 1217655.4 | X89: 1273506.9 | Y89: 1383436 | Z89: 1437823.5 | AA89: 1440982.9 | AB89: 1495795 | AC89: 1554825.5 | AD89: 1510273.7 | AE89: 1467571.2 | AF89: 1441514.3 | AG89: 1347808.3
A90: PR | B90: 4109 | C90: Sudeste Paranaense | D90: 1731.6165 | E90: 14711.152 | F90: 58555.634 | G90: 78565.384 | H90: 92277.535 | I90: 83643.331 | J90: 311771.87 | K90: 527315.73 | L90: 531428.8 | M90: 538642.26 | N90: 677495.09 | O90: 678562.71 | P90: 681316.37 | Q90: 741060.01 | R90: 766035.68 | S90: 792062.84 | T90: 854174.61 | U90: 864362.03 | V90: 891237.78 | W90: 928027.37 | X90: 963970.64 | Y90: 1050824.5 | Z90: 1093019.1 | AA90: 1099109 | AB90: 1134102.7 | AC90: 1175608.7 | AD90: 1129340.1 | AE90: 1118238.1 | AF90: 1071042.9 | AG90: 998818.36
A91: PR | B91: 4110 | C91: Metropolitana de Curitiba | D91: 16366.181 | E91: 165321.15 | F91: 1679820.8 | G91: 2205907.6 | H91: 2466652.6 | I91: 2176137.7 | J91: 7454357.2 | K91: 4564645.2 | L91: 4618367.8 | M91: 4668488.1 | N91: 5982475.9 | O91: 6127568.3 | P91: 6274151.7 | Q91: 6794415.1 | R91: 7145454.2 | S91: 7474088.5 | T91: 7718962.8 | U91: 8139364.6 | V91: 8252311.8 | W91: 8726497.6 | X91: 9337944.2 | Y91: 10114504 | Z91: 10594813 | AA91: 10626532 | AB91: 10887848 | AC91: 11085288 | AD91: 10652197 | AE91: 10630538 | AF91: 10097386 | AG91: 9417293.6
A92: RJ | B92: 3301 | C92: Noroeste Fluminense | D92: 4737.8953 | E92: 17965.369 | F92: 61107.494 | G92: 97784.186 | H92: 142559.66 | I92: 194109.77 | J92: 534135.68 | K92: 1037516.7 | L92: 1013245.6 | M92: 1091783.5 | N92: 1262479.2 | O92: 1179156.5 | P92: 1183133.1 | Q92: 1193416.7 | R92: 1229878.1 | S92: 1288850.4 | T92: 1371104.2 | U92: 1407395.5 | V92: 1403856.1 | W92: 1433178.1 | X92: 1422837.3 | Y92: 1501728.4 | Z92: 1500943.6 | AA92: 1488823.2 | AB92: 1470757.2 | AC92: 1466724.6 | AD92: 1467361.2 | AE92: 1486365.2 | AF92: 1426242.8 | AG92: 1399970.6
A93: RJ | B93: 3302 | C93: Norte Fluminense | D93: 10882.729 | E93: 33924.824 | F93: 195947.2 | G93: 267216.59 | H93: 326286.57 | I93: 452250.92 | J93: 1075316.7 | K93: 2451258 | L93: 2450307.3 | M93: 2605816.9 | N93: 3128137.7 | O93: 3175764.3 | P93: 3429623.9 | Q93: 3631188.1 | R93: 3757851.2 | S93: 4030546.7 | T93: 4399091.4 | U93: 4371603.7 | V93: 4529003.7 | W93: 4646457.7 | X93: 4854481.6 | Y93: 5350652.4 | Z93: 5281964 | AA93: 5164929.3 | AB93: 5076583.5 | AC93: 4921816.2 | AD93: 4871290 | AE93: 4961317.8 | AF93: 4596457.5 | AG93: 4477013
A94: RJ | B94: 3303 | C94: Centro Fluminense | D94: 12301.692 | E94: 26369.706 | F94: 136518.09 | G94: 201942.56 | H94: 269480.54 | I94: 368637.12 | J94: 761606.4 | K94: 1600456.6 | L94: 1607639.2 | M94: 1684441.8 | N94: 1929540 | O94: 1788382.1 | P94: 1807596 | Q94: 1822342.6 | R94: 1874542.4 | S94: 2004741.4 | T94: 2070032.2 | U94: 2091345.1 | V94: 2137455.8 | W94: 2172796.1 | X94: 2171856.8 | Y94: 2301067.1 | Z94: 2319878.3 | AA94: 2290619.6 | AB94: 2243583.8 | AC94: 2233899.3 | AD94: 2245282.7 | AE94: 2266635.6 | AF94: 2156527.8 | AG94: 2163549.1
A95: RJ | B95: 3304 | C95: Baixadas | D95: 3836.0116 | E95: 7101.2255 | F95: 103182.91 | G95: 154249.38 | H95: 210865.2 | I95: 287232.53 | J95: 817076.73 | K95: 1621273.7 | L95: 1653564.8 | M95: 1873481.4 | N95: 2322471.6 | O95: 2242834.9 | P95: 2315745.9 | Q95: 2461947.4 | R95: 2659944.7 | S95: 2882206.2 | T95: 3188531.8 | U95: 3229330.9 | V95: 3335241.5 | W95: 3500582.8 | X95: 3604507.4 | Y95: 3955820.1 | Z95: 3993432.4 | AA95: 3941092.9 | AB95: 3914444.1 | AC95: 3895817.8 | AD95: 3898837.3 | AE95: 4072650.4 | AF95: 3934158.8 | AG95: 4024174.5
A96: RJ | B96: 3305 | C96: Sul Fluminense | D96: 14297.862 | E96: 40513.59 | F96: 351995.93 | G96: 489887.57 | H96: 689617.28 | I96: 781910.27 | J96: 1554989.5 | K96: 3506711.9 | L96: 3431429.4 | M96: 3556801.1 | N96: 4184414 | O96: 3935470.8 | P96: 3970231.2 | Q96: 4080369.6 | R96: 4220820.7 | S96: 4525186.2 | T96: 4780577.1 | U96: 4898574.7 | V96: 4883702.8 | W96: 5037188.1 | X96: 5013078.6 | Y96: 5283983.5 | Z96: 5339830.2 | AA96: 5252607.6 | AB96: 5222153.6 | AC96: 5134531.3 | AD96: 5142244.8 | AE96: 5234108.6 | AF96: 4931754.1 | AG96: 4828201.2
A97: RJ | B97: 3306 | C97: Metropolitana do Rio de Janeiro | D97: 733351.63 | E97: 1765514.1 | F97: 16650738 | G97: 20359810 | H97: 22244184 | I97: 25468400 | J97: 38620962 | K97: 39532964 | L97: 39133934 | M97: 41521713 | N97: 46856149 | O97: 44180035 | P97: 44758033 | Q97: 45824793 | R97: 46993724 | S97: 48965802 | T97: 51131393 | U97: 52280246 | V97: 52732300 | W97: 54688874 | X97: 53881660 | Y97: 57159764 | Z97: 57470228 | AA97: 57661671 | AB97: 57297522 | AC97: 56930052 | AD97: 56009744 | AE97: 57222083 | AF97: 54561067 | AG97: 52085913
A98: RN | B98: 2401 | C98: Oeste Potiguar | D98: 2861.9773 | E98: 13330.198 | F98: 61423.151 | G98: 94156.92 | H98: 110920.94 | I98: 228112.62 | J98: 529308.93 | K98: 1267144.1 | L98: 1215429.7 | M98: 1355785.6 | N98: 1685062.3 | O98: 1608775.9 | P98: 1654317 | Q98: 1807235.5 | R98: 1934272.3 | S98: 2168437.4 | T98: 2222074.1 | U98: 2317300.2 | V98: 2362670.6 | W98: 2466372.7 | X98: 2459900.9 | Y98: 2654695.3 | Z98: 2628873.3 | AA98: 2621081.9 | AB98: 2566136.2 | AC98: 2678292.7 | AD98: 2613991.3 | AE98: 2748923.3 | AF98: 2684891.9 | AG98: 2564566.6
A99: RN | B99: 2402 | C99: Central Potiguar | D99: 3054.3792 | E99: 10943.568 | F99: 70302.83 | G99: 79941.205 | H99: 77826.673 | I99: 167009.93 | J99: 366056.97 | K99: 629270.09 | L99: 606875.07 | M99: 663315.61 | N99: 813614.41 | O99: 785000.1 | P99: 793061.85 | Q99: 866674.2 | R99: 918964.15 | S99: 1036758 | T99: 1063817 | U99: 1110279.3 | V99: 1122892.5 | W99: 1173580.5 | X99: 1191235 | Y99: 1272133.3 | Z99: 1290544.9 | AA99: 1303052.7 | AB99: 1266065.9 | AC99: 1297791.7 | AD99: 1272599.9 | AE99: 1335314 | AF99: 1300845 | AG99: 1232689.1
A100: RN | B100: 2403 | C100: Agreste Potiguar | D100: 625.30597 | E100: 3492.6282 | F100: 18544.708 | G100: 32244.798 | H100: 45889.496 | I100: 102453.87 | J100: 263715.07 | K100: 661983.41 | L100: 623702.11 | M100: 691992.35 | N100: 845783.82 | O100: 814868.88 | P100: 845776.54 | Q100: 928456.93 | R100: 993858.15 | S100: 1119329.5 | T100: 1136929.7 | U100: 1196533 | V100: 1216223.1 | W100: 1259254.9 | X100: 1273388.1 | Y100: 1383901.9 | Z100: 1379837.7 | AA100: 1383422.6 | AB100: 1358331.8 | AC100: 1425832.5 | AD100: 1386795.6 | AE100: 1460710.8 | AF100: 1422374.7 | AG100: 1361913.1
... A102: RO | B102: 1101 | C102: Madeira-Guaporé | D102: 2465.1485 | E102: 5481.711 | F102: 100583.43 | G102: 157042.18 | H102: 373424.75 | I102: 603601.35 | J102: 1853540.1 | K102: 1368175.8 | L102: 1338478.8 | M102: 1392042.5 | N102: 1488567.7 | O102: 1422118.3 | P102: 1538923.6 | Q102: 1639681.1 | R102: 1784975 | S102: 1835892.4 | T102: 1957996 | U102: 2131736.6 | V102: 2298001.5 | W102: 2399350.4 | X102: 2477593.1 | Y102: 2592343.2 | Z102: 2594213 | AA102: 2572606.5 | AB102: 2597824.6 | AC102: 2742910 | AD102: 2829154.4 | AE102: 2813641.1 | AF102: 2715451.2 | AG102: 2667227.6
A103: RO | B103: 1102 | C103: Leste Rondoniense | H103: 97134.762 | I103: 531732.87 | J103: 1823705.4 | K103: 2685159.9 | L103: 2565789.5 | M103: 2672022.9 | N103: 2760597.9 | O103: 2648394.2 | P103: 2735209.4 | Q103: 2965787.4 | R103: 3161387.1 | S103: 3141422.8 | T103: 3348668.7 | U103: 3520747 | V103: 3572441.4 | W103: 3606269 | X103: 3673578.7 | Y103: 3792710.3 | Z103: 3703524.2 | AA103: 3639631.4 | AB103: 3678031.3 | AC103: 3841319.8 | AD103: 3836454.7 | AE103: 3797066 | AF103: 3617282.5 | AG103: 3540994.5
A104: RR | B104: 1401 | C104: Norte de Roraima | D104: 324.6781 | E104: 861.21644 | F104: 67785.628 | G104: 86083.974 | H104: 158021.33 | I104: 111916.11 | J104: 1502151.1 | K104: 1351368.6 | L104: 1413663.2 | M104: 1495552.4 | N104: 1603282.2 | O104: 1598453 | P104: 1620714.7 | Q104: 1752882.8 | R104: 1893816.8 | S104: 2033625.2 | T104: 2138837.5 | U104: 2307364.6 | V104: 2416033.4 | W104: 2494656.1 | X104: 2429351.6 | Y104: 2549746.2 | Z104: 2464630.2 | AA104: 2537730.7 | AB104: 2569067.7 | AC104: 2739337 | AD104: 2707864.7 | AE104: 2860261.6 | AF104: 2842263.8 | AG104: 2808313.3
A105: RR | B105: 1402 | C105: Sul de Roraima | D105: 204.42695 | E105: 259.73194 | F105: 698.41517 | G105: 13385.543 | H105: 5153.7773 | I105: 7131.5562 | J105: 84485.338 | K105: 278284.93 | L105: 335705.54 | M105: 350739.48 | N105: 371109.12 | O105: 366053.97 | P105: 377825.65 | Q105: 413848.53 | R105: 445172.31 | S105: 479469.53 | T105: 508682.99 | U105: 548611.49 | V105: 560999.48 | W105: 579324.06 | X105: 570555.26 | Y105: 604720.26 | Z105: 572828.36 | AA105: 591927.77 | AB105: 603122.16 | AC105: 645693.06 | AD105: 603002.21 | AE105: 619409.01 | AF105: 607959.04 | AG105: 589151.11
A106: RS | B106: 4301 | C106: Noroeste Rio-grandense | D106: 8898.585 | E106: 105437.53 | F106: 598307.07 | G106: 827697.44 | H106: 1037184.6 | I106: 1028608.4 | J106: 3143677.5 | K106: 3705406.8 | L106: 3736429.1 | M106: 3801396.1 | N106: 3524902.8 | O106: 3737779.8 | P106: 3739582.6 | Q106: 3875641.5 | R106: 4021476.5 | S106: 4338170.8 | T106: 4454673.8 | U106: 4434984.1 | V106: 5278580 | W106: 5319471 | X106: 5422666.9 | Y106: 5958406 | Z106: 6173546.7 | AA106: 6225353.3 | AB106: 6014213.5 | AC106: 6112394.3 | AD106: 6241862.6 | AE106: 6542219.7 | AF106: 6280630.5 | AG106: 6047101.3
A107: RS | B107: 4302 | C107: Nordeste Rio-grandense | D107: 7419.4959 | E107: 46714.685 | F107: 212645.21 | G107: 402655.67 | H107: 413138.59 | I107: 465740.34 | J107: 1209165.6 | K107: 1793525.3 | L107: 1871250.8 | M107: 1952294.5 | N107: 1864202.7 | O107: 2027236.4 | P107: 2030153.8 | Q107: 2035510.9 | R107: 2125506.4 | S107: 2302534.6 | T107: 2384469.9 | U107: 2427767.8 | V107: 2906172.6 | W107: 2951771.5 | X107: 3022506.1 | Y107: 3298105.6 | Z107: 3434606.6 | AA107: 3459516.9 | AB107: 3340364.1 | AC107: 3399181.9 | AD107: 3591493.6 | AE107: 3708137.3 | AF107: 3452885.7 | AG107: 3371375
A108: RS | B108: 4303 | C108: Centro Ocidental Rio-grandense | D108: 6349.2606 | E108: 77130.485 | F108: 387244.27 | G108: 480916.24 | H108: 577768.63 | I108: 526558.13 | J108: 1602391.5 | K108: 956071.91 | L108: 976767.45 | M108: 974412.84 | N108: 951046.25 | O108: 1001066.8 | P108: 984309.7 | Q108: 1020639.3 | R108: 1083010.2 | S108: 1120309.1 | T108: 1154285.2 | U108: 1189784.2 | V108: 1397468 | W108: 1399571.2 | X108: 1436491.5 | Y108: 1567293.1 | Z108: 1613706 | AA108: 1604344.5 | AB108: 1547929.5 | AC108: 1577016.7 | AD108: 1627373.4 | AE108: 1708203.5 | AF108: 1648091.7 | AG108: 1529698.7
A109: RS | B109: 4304 | C109: Centro Oriental Rio-grandense | D109: 7251.1443 | E109: 41794.267 | F109: 221166.17 | G109: 320904.22 | H109: 350913.35 | I109: 349871.84 | J109: 1033473.1 | K109: 1364721.4 | L109: 1401870.3 | M109: 1443691.1 | N109: 1325111.8 | O109: 1411368.1 | P109: 1419862.7 | Q109: 1483190.3 | R109: 1548314 | S109: 1656513.7 | T109: 1712060.7 | U109: 1710550.1 | V109: 2020864.1 | W109: 2036530.7 | X109: 2067395.9 | Y109: 2278214.6 | Z109: 2380025.1 | AA109: 2383110.5 | AB109: 2308960.2 | AC109: 2336860.7 | AD109: 2428772.4 | AE109: 2545005.3 | AF109: 2453669.2 | AG109: 2385043.1
A110: RS | B110: 4305 | C110: Metropolitana de Porto Alegre | D110: 47908.058 | E110: 286746.16 | F110: 2679093.6 | G110: 3731350.7 | H110: 4776692 | I110: 4351104.2 | J110: 12263856 | K110: 8533558.5 | L110: 8992233.3 | M110: 9289726.7 | N110: 8760779.6 | O110: 9452105.1 | P110: 9335227.5 | Q110: 9727318.5 | R110: 10083211 | S110: 10780473 | T110: 10967396 | U110: 11042035 | V110: 12943619 | W110: 13059217 | X110: 13219593 | Y110: 14446504 | Z110: 14922601 | AA110: 14827064 | AB110: 14242551 | AC110: 14416471 | AD110: 14816906 | AE110: 15318633 | AF110: 14324193 | AG110: 14025460
A111: RS | B111: 4306 | C111: Sudoeste Rio-grandense | D111: 22318.613 | E111: 139016.46 | F111: 591253.32 | G111: 704396.51 | H111: 758271.13 | I111: 698677.92 | J111: 1860113.1 | K111: 1315343.9 | L111: 1335885 | M111: 1351253 | N111: 1281304.8 | O111: 1370055.6 | P111: 1355887.2 | Q111: 1401825.2 | R111: 1453602 | S111: 1489133.4 | T111: 1520476.2 | U111: 1528720.6 | V111: 1843099.4 | W111: 1825668.4 | X111: 1891854.1 | Y111: 2061045.3 | Z111: 2137011.3 | AA111: 2141115.9 | AB111: 2057854.9 | AC111: 2066517.6 | AD111: 2079449.1 | AE111: 2206635.3 | AF111: 2098655.1 | AG111: 2038651.6
A112: RS | B112: 4307 | C112: Sudeste Rio-grandense | D112: 27705.865 | E112: 104427.09 | F112: 366189.87 | G112: 419172.59 | H112: 565581.76 | I112: 493821.5 | J112: 1613080.4 | K112: 1561022.8 | L112: 1595157.8 | M112: 1689343.7 | N112: 1589202.5 | O112: 1702433.9 | P112: 1703918.6 | Q112: 1727704.3 | R112: 1779516 | S112: 1921016.4 | T112: 1932405.7 | U112: 1977619.1 | V112: 2323040.9 | W112: 2369332.4 | X112: 2405435.9 | Y112: 2638806.5 | Z112: 2760061.3 | AA112: 2775244.5 | AB112: 2670056.7 | AC112: 2648748.7 | AD112: 2773303.6 | AE112: 2887810 | AF112: 2771711.2 | AG112: 2698415.3
A113: SC | B113: 4201 | C113: Oeste Catarinense | D113: 673.40643 | E113: 7654.5091 | F113: 183656.77 | G113: 270606.25 | H113: 383949.54 | I113: 414617.9 | J113: 1381983.8 | K113: 1964904.2 | L113: 1961124.5 | M113: 1964175.7 | N113: 2442674.4 | O113: 2476340.9 | P113: 2444168 | Q113: 2633796.2 | R113: 2761339.2 | S113: 2941407.3 | T113: 3154582.1 | U113: 3170487.7 | V113: 3223664.4 | W113: 3311593.4 | X113: 3358897.4 | Y113: 3611637.3 | Z113: 3639278.6 | AA113: 3622289.6 | AB113: 3678489.7 | AC113: 3798415.1 | AD113: 3791097.3 | AE113: 3857026.4 | AF113: 3586434.5 | AG113: 3600515.4
A114: SC | B114: 4202 | C114: Norte Catarinense | D114: 4834.0962 | E114: 32081.614 | F114: 199305.87 | G114: 260309.85 | H114: 320818.79 | I114: 345181.73 | J114: 1154391.7 | K114: 1746846.4 | L114: 1753012.3 | M114: 1834965.6 | N114: 2354148.6 | O114: 2412931 | P114: 2447294.9 | Q114: 2606630.7 | R114: 2728271.5 | S114: 2936051.1 | T114: 3145965.3 | U114: 3204626.3 | V114: 3298909.3 | W114: 3427266.6 | X114: 3531060 | Y114: 3793736.7 | Z114: 3866672.6 | AA114: 3875138.9 | AB114: 3894023.4 | AC114: 4064161.4 | AD114: 4095857.9 | AE114: 4143523.5 | AF114: 3831028.9 | AG114: 3830776.9
A115: SC | B115: 4203 | C115: Serrana | D115: 1274.6622 | E115: 13552.725 | F115: 85238.269 | G115: 125173.69 | H115: 163678.89 | I115: 188455.2 | J115: 616044.58 | K115: 603661.11 | L115: 623419.93 | M115: 628285.25 | N115: 844037.57 | O115: 843798.66 | P115: 829587.7 | Q115: 891988.92 | R115: 936103.89 | S115: 993824.57 | T115: 1072801.1 | U115: 1086667.1 | V115: 1077589.6 | W115: 1108864.8 | X115: 1133353 | Y115: 1206024.8 | Z115: 1193350.5 | AA115: 1182168.5 | AB115: 1219623.9 | AC115: 1214364.6 | AD115: 1217520.3 | AE115: 1219934.2 | AF115: 1158277.6 | AG115: 1157046.5
... A128: SP | B128: 3507 | C128: Campinas | D128: 24218.581 | E128: 101436.97 | F128: 1043840.4 | G128: 1572557.2 | H128: 1928727.5 | I128: 2627534.5 | J128: 5771671.8 | K128: 5931095 | L128: 6320989.3 | M128: 6630638.4 | N128: 7804307.5 | O128: 7702162.9 | P128: 7671332.4 | Q128: 8369329 | R128: 8697439.2 | S128: 9537366.3 | T128: 10132954 | U128: 10638431 | V128: 10104787 | W128: 10197660 | X128: 10307532 | Y128: 11153248 | Z128: 11012732 | AA128: 11110764 | AB128: 10415561 | AC128: 10507545 | AD128: 10419826 | AE128: 10452589 | AF128: 10585165 | AG128: 9935832.2
A129: SP | B129: 3508 | C129: Presidente Prudente | E129: 12390.366 | F129: 309033.24 | G129: 473956.37 | H129: 590091.44 | I129: 803180.24 | J129: 1885774.7 | K129: 1345618.4 | L129: 1398856.6 | M129: 1405100.1 | N129: 1689643.1 | O129: 1636256 | P129: 1607555.4 | Q129: 1707727.6 | R129: 1763633.1 | S129: 1969729.9 | T129: 2089166.7 | U129: 2226755 | V129: 2082422 | W129: 2093608.9 | X129: 2128172.2 | Y129: 2286862.2 | Z129: 2266454.1 | AA129: 2277558.3 | AB129: 2135205.4 | AC129: 2160538.3 | AD129: 2137296.8 | AE129: 2140878.7 | AF129: 2202394.5 | AG129: 2049513.6
A130: SP | B130: 3509 | C130: Marília | D130: 384.80368 | E130: 16945.217 | F130: 151482.11 | G130: 223023.71 | H130: 265371.22 | I130: 376132.26 | J130: 883258.6 | K130: 670723.17 | L130: 716295.98 | M130: 731086.01 | N130: 869658.83 | O130: 845129.53 | P130: 847374.11 | Q130: 904562.73 | R130: 946074.13 | S130: 1032009.8 | T130: 1126418.4 | U130: 1212454.1 | V130: 1134366.5 | W130: 1131687.7 | X130: 1169486.4 | Y130: 1218045.3 | Z130: 1194389.6 | AA130: 1186407.2 | AB130: 1110794.9 | AC130: 1105589.4 | AD130: 1099203.2 | AE130: 1095828.5 | AF130: 1107911.6 | AG130: 1030443.6
A131: SP | B131: 3510 | C131: Assis | D131: 3583.4842 | E131: 21075.34 | F131: 171009.26 | G131: 228188.3 | H131: 256753.14 | I131: 375344.37 | J131: 934835.9 | K131: 857302.57 | L131: 910287.78 | M131: 929303.49 | N131: 1115465.5 | O131: 1062778.5 | P131: 1074860.1 | Q131: 1114347.7 | R131: 1208080.3 | S131: 1324264.8 | T131: 1397110.3 | U131: 1479749 | V131: 1395275.3 | W131: 1411090.5 | X131: 1436790.2 | Y131: 1529962.2 | Z131: 1500989.2 | AA131: 1508860.1 | AB131: 1421231.9 | AC131: 1448362.1 | AD131: 1429011.8 | AE131: 1444583.5 | AF131: 1499569.6 | AG131: 1411300.7
A132: SP | B132: 3511 | C132: Itapetininga | D132: 5423.3268 | E132: 32572.311 | F132: 135428.86 | G132: 238617.04 | H132: 349732.72 | I132: 434576.65 | J132: 982062.88 | K132: 1096761.6 | L132: 1203481 | M132: 1254588.9 | N132: 1516852.7 | O132: 1505746.1 | P132: 1517967.4 | Q132: 1632086.7 | R132: 1710514.5 | S132: 1878187.8 | T132: 2006678.9 | U132: 2110899.9 | V132: 1999840.7 | W132: 2009546.5 | X132: 2057929.9 | Y132: 2201219 | Z132: 2183455.1 | AA132: 2208291.5 | AB132: 2084206.9 | AC132: 2103744.9 | AD132: 2090193.2 | AE132: 2087328.6 | AF132: 2123389 | AG132: 2021665
A133: SP | B133: 3512 | C133: Macro Metropolitana Paulista | D133: 14658.615 | E133: 65920.85 | F133: 580959.48 | G133: 891193.28 | H133: 1107430.3 | I133: 1480971.1 | J133: 3412929.1 | K133: 3621468.4 | L133: 4022111.8 | M133: 4149109 | N133: 4940091.7 | O133: 4862216.9 | P133: 4860268.9 | Q133: 5225362.1 | R133: 5434926.9 | S133: 6007116.9 | T133: 6258902.4 | U133: 6685992.5 | V133: 6547828.4 | W133: 6638624.5 | X133: 6807716.7 | Y133: 7438196.1 | Z133: 7431847.4 | AA133: 7575470.2 | AB133: 7234334.6 | AC133: 7303011 | AD133: 7312757.7 | AE133: 7315716.8 | AF133: 7322908.9 | AG133: 6891515.9
A134: SP | B134: 3513 | C134: Vale do Paraíba Paulista | D134: 26142.6 | E134: 96530.621 | F134: 1115266.9 | G134: 1411764.8 | H134: 1520319.4 | I134: 2073877.7 | J134: 4766053.5 | K134: 3149075.4 | L134: 3879686.9 | M134: 3906896 | N134: 4735473.6 | O134: 4656124.9 | P134: 4592883.5 | Q134: 4903950.9 | R134: 5132225.8 | S134: 5439205.6 | T134: 5751864.7 | U134: 6123065.8 | V134: 5866193.7 | W134: 5867213.1 | X134: 5961741.7 | Y134: 6415377.6 | Z134: 6328973.6 | AA134: 6390360.1 | AB134: 6027256.3 | AC134: 6039913.2 | AD134: 6021382.7 | AE134: 5992065.6 | AF134: 5989319.3 | AG134: 5675782.4
A135: SP | B135: 3514 | C135: Litoral Sul Paulista | D135: 1563.2649 | E135: 6575.9746 | F135: 75956.426 | G135: 137254.33 | H135: 205597.4 | I135: 274803.4 | J135: 667002.43 | K135: 685663.73 | L135: 734610.68 | M135: 781145.16 | N135: 963277.86 | O135: 956178.8 | P135: 959042.6 | Q135: 1029877.8 | R135: 1088109.3 | S135: 1142401.5 | T135: 1215943.4 | U135: 1260052.9 | V135: 1194596.7 | W135: 1193088.9 | X135: 1216462.9 | Y135: 1317952.8 | Z135: 1327382.9 | AA135: 1330437.5 | AB135: 1261145.6 | AC135: 1263837 | AD135: 1271388.3 | AE135: 1282980.4 | AF135: 1330854.5 | AG135: 1247733.1
A136: SP | B136: 3515 | C136: Metropolitana de São Paulo | D136: 117617.65 | E136: 756676.46 | F136: 10885937 | G136: 14928341 | H136: 16496984 | I136: 21154885 | J136: 39924963 | K136: 32514205 | L136: 33903156 | M136: 35700819 | N136: 40488345 | O136: 40589198 | P136: 40755978 | Q136: 42766607 | R136: 44632384 | S136: 48631413 | T136: 50939294 | U136: 54664469 | V136: 51716071 | W136: 52233431 | X136: 52448034 | Y136: 56395321 | Z136: 55271111 | AA136: 55980506 | AB136: 52302788 | AC136: 51996334 | AD136: 51493978 | AE136: 51196703 | AF136: 49932371 | AG136: 47086943
A137: TO | B137: 1701 | C137: Ocidental do Tocantins | D137: 180.37672 | E137: 1891.2598 | F137: 37047.818 | G137: 75184.947 | H137: 115384.06 | I137: 129290.85 | J137: 1039154.3 | K137: 1141559.4 | L137: 1185155 | M137: 1288540.9 | N137: 1568081.3 | O137: 1625359.8 | P137: 1718644 | Q137: 1819812.3 | R137: 2067852.3 | S137: 2249973.6 | T137: 2391243.5 | U137: 2557294.8 | V137: 2744145.5 | W137: 3021394.2 | X137: 3059433.5 | Y137: 3376543.8 | Z137: 3284013.8 | AA137: 3299147.2 | AB137: 3449524.4 | AC137: 3355642.7 | AD137: 3513914 | AE137: 3691411.5 | AF137: 3604674.4 | AG137: 3499553
A138: TO | B138: 1702 | C138: Oriental do Tocantins | D138: 1010.1096 | E138: 4882.0893 | F138: 15194.88 | G138: 29095.621 | H138: 41131.99 | I138: 29495.94 | J138: 836753.34 | K138: 624032.43 | L138: 678050.25 | M138: 766498.08 | N138: 936883.58 | O138: 982327.69 | P138: 1039771.9 | Q138: 1126908.2 | R138: 1288842.9 | S138: 1417397.8 | T138: 1502699.8 | U138: 1586436 | V138: 1745435.6 | W138: 1876305.5 | X138: 1942372.5 | Y138: 2181742.8 | Z138: 2163432.1 | AA138: 2175101 | AB138: 2281491 | AC138: 2231625.4 | AD138: 2344513.3 | AE138: 2460971.6 | AF138: 2415512.4 | AG138: 2362066.9

Sheet serv_priv_mes
A1: Sigla | B1: Codigo | C1: Meso-região | D1: 1920 | E1: 1939 | F1: 1949 | G1: 1959 | H1: 1970 | I1: 1975 | J1: 1980 | K1: 1985 | L1: 1996 | M1: 1999 | N1: 2000 | O1: 2001 | P1: 2002 | Q1: 2003 | R1: 2004 | S1: 2005 | T1: 2006 | U1: 2007 | V1: 2008 | W1: 2009 | X1: 2010 | Y1: 2011 | Z1: 2012 | AA1: 2013 | AB1: 2014 | AC1: 2015 | AD1: 2016 | AE1: 2017 | AF1: 2018 | AG1: 2019 | AH1: 2020 | AI1: 2021
A2: AC | B2: 1201 | C2: Vale do Juruá | D2: 12784.016 | E2: 17178.28 | F2: 15484.712 | G2: 55728.755 | H2: 92168.27 | I2: 104821.8 | J2: 135931.27 | K2: 186815.02 | L2: 295533.26 | M2: 241635.61 | N2: 279352.79 | O2: 270873.03 | P2: 238354.19 | Q2: 224363.94 | R2: 223736.57 | S2: 249150.46 | T2: 243612.24 | U2: 325662.76 | V2: 373087.63 | W2: 370837.67 | X2: 375475.66 | Y2: 357541.18 | Z2: 364392.14 | AA2: 397578.28 | AB2: 459604.86 | AC2: 409666.13 | AD2: 441078.99 | AE2: 454324.2 | AF2: 494683.06 | AG2: 512354.4 | AH2: 520242.07 | AI2: 620012.44
A3: AC | B3: 1202 | C3: Vale do Acre | D3: 29151.901 | E3: 41012.853 | F3: 109985.63 | G3: 129593.29 | H3: 377125.28 | I3: 409531.31 | J3: 911213.36 | K3: 1351420.1 | L3: 2518268.4 | M3: 1398023.6 | N3: 1599033.8 | O3: 1536719.5 | P3: 1796405.4 | Q3: 1846312 | R3: 1926467.4 | S3: 2049430 | T3: 2004088.8 | U3: 2210343.8 | V3: 2547107.2 | W3: 2661645.2 | X3: 2551337 | Y3: 2740593 | Z3: 2827566.7 | AA3: 2979708.5 | AB3: 3424326 | AC3: 3231696.6 | AD3: 2786398.8 | AE3: 2776781.5 | AF3: 2937106.4 | AG3: 2984021.1 | AH3: 2957673.6 | AI3: 3005826.1
A4: AL | B4: 2701 | C4: Sertão Alagoano | D4: 10759.305 | E4: 20818.534 | F4: 39904.09 | G4: 58574.172 | H4: 206532.97 | I4: 231389.3 | J4: 267253.37 | K4: 334116.66 | L4: 412685.31 | M4: 337162.7 | N4: 356670.49 | O4: 350305.61 | P4: 347489.76 | Q4: 327561.58 | R4: 354950.26 | S4: 390729.59 | T4: 414151.19 | U4: 469870.32 | V4: 445871.89 | W4: 437382.45 | X4: 482132.28 | Y4: 543108.43 | Z4: 656374.7 | AA4: 672458.78 | AB4: 730620.66 | AC4: 817210.28 | AD4: 717392.88 | AE4: 706451.65 | AF4: 724628.05 | AG4: 753983.4 | AH4: 705756.37 | AI4: 721569
A5: AL | B5: 2702 | C5: Agreste Alagoano | D5: 8206.5374 | E5: 24223.615 | F5: 77939.762 | G5: 156803.18 | H5: 282035.31 | I5: 438593.28 | J5: 683763.81 | K5: 690511.53 | L5: 912435.16 | M5: 770119.5 | N5: 782807.26 | O5: 748949.53 | P5: 757835.88 | Q5: 750558.24 | R5: 829686.3 | S5: 888374.18 | T5: 944862.84 | U5: 1103695.9 | V5: 1072070.1 | W5: 1224321.2 | X5: 1300179.7 | Y5: 1456009.6 | Z5: 1715230.3 | AA5: 1774743.1 | AB5: 2025248.8 | AC5: 2249325.5 | AD5: 2020744.7 | AE5: 1950773.9 | AF5: 1976042 | AG5: 2113012.2 | AH5: 1955023.3 | AI5: 1987623.9
A6: AL | B6: 2703 | C6: Leste Alagoano | D6: 136450.51 | E6: 350218.21 | F6: 571135.64 | G6: 823583.24 | H6: 1927020.4 | I6: 3006222.8 | J6: 5272207.4 | K6: 5678386.9 | L6: 8916542.4 | M6: 4955283.5 | N6: 5269509.2 | O6: 5053959.6 | P6: 5602095.9 | Q6: 5682142.8 | R6: 6096431.3 | S6: 6234300.2 | T6: 6670766.2 | U6: 7427616.5 | V6: 7249897.7 | W6: 7690315.4 | X6: 8309335.1 | Y6: 8662151.6 | Z6: 9552493 | AA6: 9432090.5 | AB6: 9945723.7 | AC6: 10874189 | AD6: 10305281 | AE6: 10139655 | AF6: 10082525 | AG6: 10465672 | AH6: 9335999 | AI6: 9760091.5
A7: AM | B7: 1301 | C7: Norte Amazonense | D7: 3373.3587 | E7: 5034.1586 | G7: 149.59401 | H7: 46145.675 | I7: 52566.424 | J7: 68451.979 | K7: 91367.836 | L7: 168293.55 | M7: 92785.482 | N7: 60131.723 | O7: 47015.848 | P7: 60375.469 | Q7: 58586.73 | R7: 64803.603 | S7: 64822.94 | T7: 62966.873 | U7: 67595.839 | V7: 78654.409 | W7: 87643.012 | X7: 93361.069 | Y7: 88492.182 | Z7: 79295.681 | AA7: 86089.453 | AB7: 108486.14 | AC7: 102785.68 | AD7: 109960.89 | AE7: 123706 | AF7: 121850.71 | AG7: 123185.31 | AH7: 120522.24 | AI7: 117669.58
A8: AM | B8: 1302 | C8: Sudoeste Amazonense | D8: 14741.925 | E8: 21264.131 | F8: 3487.5477 | G8: 13513.326 | H8: 129341.51 | I8: 136062.96 | J8: 239240.7 | K8: 769076 | L8: 368231 | M8: 346763.09 | N8: 199594.79 | O8: 163858.78 | P8: 178934.8 | Q8: 189532.84 | R8: 188603.62 | S8: 192573.16 | T8: 210282.14 | U8: 205789.97 | V8: 210250.16 | W8: 234494.49 | X8: 256663 | Y8: 261077.48 | Z8: 245440.49 | AA8: 277173.89 | AB8: 337079.17 | AC8: 321583.79 | AD8: 350425.17 | AE8: 389012.94 | AF8: 408078.68 | AG8: 408324.9 | AH8: 407932.63 | AI8: 409693.13
A9: AM | B9: 1303 | C9: Centro Amazonense | D9: 101703.35 | E9: 351780.66 | F9: 545998.85 | G9: 989701.5 | H9: 2446011.1 | I9: 3768896.9 | J9: 6781799.2 | K9: 7538856.9 | L9: 10602000 | M9: 11197739 | N9: 12684920 | O9: 10647064 | P9: 10948211 | Q9: 11330268 | R9: 13044398 | S9: 13875852 | T9: 14825280 | U9: 16342756 | V9: 16111460 | W9: 16987015 | X9: 17290242 | Y9: 17671961 | Z9: 17877262 | AA9: 19727703 | AB9: 19730755 | AC9: 18523508 | AD9: 17240990 | AE9: 17764536 | AF9: 18083983 | AG9: 17896719 | AH9: 17383428 | AI9: 17543017
A10: AM | B10: 1304 | C10: Sul Amazonense | D10: 25824.219 | E10: 29126.338 | F10: 3975.8044 | G10: 8152.8735 | H10: 92221.623 | I10: 138660.26 | J10: 296264.81 | K10: 249622.78 | L10: 282687.13 | M10: 262910.48 | N10: 166094.22 | O10: 131456.65 | P10: 145928.75 | Q10: 147503.91 | R10: 156742.34 | S10: 181128.67 | T10: 215120.38 | U10: 209251.41 | V10: 207994.97 | W10: 231178.71 | X10: 247291.62 | Y10: 258728.2 | Z10: 258976.7 | AA10: 299937.41 | AB10: 341847.13 | AC10: 331539.98 | AD10: 363703.15 | AE10: 394091.25 | AF10: 421531.76 | AG10: 446581.44 | AH10: 450330.14 | AI10: 416749.56
A11: AP | B11: 1601 | C11: Norte do Amapá | D11: 1243.3416 | E11: 3479.8795 | F11: 1030.0556 | G11: 4001.8468 | H11: 25092.221 | I11: 29299.579 | J11: 33743.486 | K11: 40359.341 | L11: 113833.72 | M11: 52796.179 | N11: 60436.479 | O11: 72889.166 | P11: 68916.459 | Q11: 73963.873 | R11: 80762.59 | S11: 85516.592 | T11: 90153.002 | U11: 95245.604 | V11: 95985.902 | W11: 112186.48 | X11: 98811.711 | Y11: 111080.3 | Z11: 109816.32 | AA11: 135880.52 | AB11: 136320.67 | AC11: 118937.13 | AD11: 122374.87 | AE11: 137613.07 | AF11: 125099.64 | AG11: 138247.33 | AH11: 120707.99 | AI11: 118461.17
A12: AP | B12: 1602 | C12: Sul do Amapá | D12: 5090.8241 | E12: 7992.1609 | F12: 61309.471 | G12: 261475.87 | H12: 214472.04 | I12: 360944.27 | J12: 627872.84 | K12: 875061.74 | L12: 2515591.6 | M12: 1703116.6 | N12: 1934190.8 | O12: 2162030.2 | P12: 2375247 | Q12: 2115304.4 | R12: 2209886 | S12: 2199163.3 | T12: 2708554.5 | U12: 2908666.7 | V12: 3010873.5 | W12: 3157261.4 | X12: 3051002.9 | Y12: 3230789.8 | Z12: 3382329.3 | AA12: 3637496.5 | AB12: 3798208.5 | AC12: 3539078.7 | AD12: 3284528.8 | AE12: 3491909 | AF12: 3595909.1 | AG12: 3611273.3 | AH12: 3299883.2 | AI12: 3300013
A13: BA | B13: 2901 | C13: Extremo Oeste Baiano | D13: 15387.588 | E13: 44776.022 | F13: 32827.117 | G13: 47143.341 | H13: 126292.45 | I13: 217296.38 | J13: 399933.29 | K13: 532324.94 | L13: 805299.45 | M13: 1412382.4 | N13: 1441558.6 | O13: 1604483.6 | P13: 1529687.7 | Q13: 1672680 | R13: 1987173.5 | S13: 2042548.6 | T13: 1920213.4 | U13: 2346445.6 | V13: 2655982.8 | W13: 2869367.9 | X13: 2676210.5 | Y13: 3191501.4 | Z13: 3760327.3 | AA13: 3877763.3 | AB13: 4020590.6 | AC13: 4119860.2 | AD13: 3468516 | AE13: 3908442.9 | AF13: 4748461.9 | AG13: 4383820.8 | AH13: 4544708.4 | AI13: 4938364.4
A14: BA | B14: 2902 | C14: Vale São-Franciscano da Bahia | D14: 53084.081 | E14: 95077.486 | F14: 115111.12 | G14: 234197.98 | H14: 361554.86 | I14: 652144.46 | J14: 1017562.2 | K14: 1190499.2 | L14: 1441624.3 | M14: 1380179.3 | N14: 1392445.5 | O14: 1420819.3 | P14: 1447427.1 | Q14: 1414973.3 | R14: 1395195.5 | S14: 1463471.4 | T14: 1525487.1 | U14: 1704200.2 | V14: 1727829.4 | W14: 1987788.8 | X14: 2015837.3 | Y14: 2106779.2 | Z14: 2377975.8 | AA14: 2685718.2 | AB14: 2776179.9 | AC14: 2735151.5 | AD14: 2732864 | AE14: 2894889.1 | AF14: 3044026.6 | AG14: 2979649.2 | AH14: 2776294.9 | AI14: 2796006.6
A15: BA | B15: 2903 | C15: Centro Norte Baiano | D15: 64993.533 | E15: 173275.75 | F15: 452747.35 | G15: 707148.41 | H15: 1447719.7 | I15: 2120666.7 | J15: 3229652.5 | K15: 3281574.6 | L15: 3976302.1 | M15: 3774020.9 | N15: 3760159.4 | O15: 3683741.8 | P15: 4151520.1 | Q15: 4262895.2 | R15: 4296922.1 | S15: 4704957.1 | T15: 4903816.7 | U15: 5702223.6 | V15: 5942095.5 | W15: 6502377.7 | X15: 6701933.5 | Y15: 7153349.3 | Z15: 7697228.9 | AA15: 8529274 | AB15: 8561368.4 | AC15: 8579661.3 | AD15: 8597446.7 | AE15: 8810785.5 | AF15: 9215674.1 | AG15: 8922417.5 | AH15: 8302409.4 | AI15: 8316640.5
A16: BA | B16: 2904 | C16: Nordeste Baiano | D16: 45349.749 | E16: 121797.41 | F16: 175353.88 | G16: 355697.35 | H16: 605253.41 | I16: 1080428.3 | J16: 1484369.2 | K16: 1792861.6 | L16: 1787613.5 | M16: 1621981.8 | N16: 1558045.3 | O16: 1587464.9 | P16: 1933641 | Q16: 1880798.4 | R16: 1917085.2 | S16: 2173769.3 | T16: 2343208.8 | U16: 2725073.7 | V16: 2697228.6 | W16: 2765214.2 | X16: 2927659.8 | Y16: 3216684.6 | Z16: 3470706.6 | AA16: 3782720.4 | AB16: 3631144.5 | AC16: 3654350.5 | AD16: 3614644.2 | AE16: 3661420.1 | AF16: 3730547.6 | AG16: 3775238.5 | AH16: 3669043.7 | AI16: 3522349
A17: BA | B17: 2905 | C17: Metropolitana de Salvador | D17: 455810 | E17: 1452124.5 | F17: 1890753 | G17: 3840989.6 | H17: 7900459 | I17: 13700054 | J17: 22197902 | K17: 25065914 | L17: 31452665 | M17: 27492164 | N17: 26612760 | O17: 26726576 | P17: 24760711 | Q17: 24401998 | R17: 25937697 | S17: 27390693 | T17: 27822894 | U17: 31789935 | V17: 31784914 | W17: 35125630 | X17: 35034078 | Y17: 35563126 | Z17: 35988640 | AA17: 38816793 | AB17: 38587049 | AC17: 37816923 | AD17: 36886713 | AE17: 37421259 | AF17: 37078757 | AG17: 35644388 | AH17: 30979438 | AI17: 30826677
A18: BA | B18: 2906 | C18: Centro Sul Baiano | D18: 90747.678 | E18: 208525.71 | F18: 378296.38 | G18: 939439.48 | H18: 1681004.1 | I18: 2003672.3 | J18: 2720016.1 | K18: 3976228.6 | L18: 3747419.9 | M18: 3741212.2 | N18: 3677073.9 | O18: 3758535.3 | P18: 3652312.4 | Q18: 3707598 | R18: 3887317 | S18: 4278488.9 | T18: 4501646.6 | U18: 5041440.5 | V18: 5121041.2 | W18: 5588464.1 | X18: 5666915.9 | Y18: 6053407.3 | Z18: 6526925.7 | AA18: 7060965.4 | AB18: 7197976 | AC18: 7291673 | AD18: 7174343.4 | AE18: 7352322.4 | AF18: 7584443.9 | AG18: 7514507.2 | AH18: 7028738.5 | AI18: 7142389.5
A19: BA | B19: 2907 | C19: Sul Baiano | D19: 86100.217 | E19: 300476.63 | F19: 575852.12 | G19: 911155.86 | H19: 1971957.5 | I19: 2610789.9 | J19: 4076173.5 | K19: 6135269.2 | L19: 4600248.9 | M19: 4702557.5 | N19: 4457025.5 | O19: 4679545.4 | P19: 4932186.3 | Q19: 4994895.3 | R19: 5052333.2 | S19: 5641442.8 | T19: 5518624.1 | U19: 6413741.9 | V19: 6468273.6 | W19: 6981175.6 | X19: 7177077.9 | Y19: 7475112.2 | Z19: 8026174.8 | AA19: 8545439.3 | AB19: 8505939.5 | AC19: 8536175.8 | AD19: 8024273.1 | AE19: 8221500.9 | AF19: 8572947.4 | AG19: 8357762.6 | AH19: 7461625.6 | AI19: 7710845.4
... A26: CE | B26: 2307 | C26: Sul Cearense | D26: 20751.63 | E26: 83877.856 | F26: 230184.76 | G26: 617933.1 | H26: 402040.13 | I26: 562174.45 | J26: 903443.72 | K26: 1232123.8 | L26: 1263703 | M26: 1211956.7 | N26: 1241909.6 | O26: 1309091 | P26: 1315907.8 | Q26: 1335776.4 | R26: 1398285.4 | S26: 1538546.5 | T26: 1601921.3 | U26: 1717093.7 | V26: 1794802 | W26: 1925494.4 | X26: 2321080.1 | Y26: 2483193.1 | Z26: 2668033.2 | AA26: 2825177.2 | AB26: 3253468 | AC26: 3088011.3 | AD26: 3052947.5 | AE26: 3243533.2 | AF26: 3066849.3 | AG26: 3276172.9 | AH26: 2984688.8 | AI26: 2873489.6
A27: DF | B27: 5301 | C27: Distrito Federal | H27: 7958510.3 | I27: 12185912 | J27: 31397710 | K27: 39782075 | L27: 57659312 | M27: 47599250 | N27: 37948810 | O27: 36302407 | P27: 41656815 | Q27: 39059547 | R27: 40633094 | S27: 42495778 | T27: 46221314 | U27: 49273978 | V27: 52957070 | W27: 52676659 | X27: 58259561 | Y27: 57392129 | Z27: 58058359 | AA27: 58646578 | AB27: 62967596 | AC27: 63350578 | AD27: 65887048 | AE27: 66284280 | AF27: 66623038 | AG27: 70380767 | AH27: 61503701 | AI27: 60502091
A28: ES | B28: 3201 | C28: Noroeste Espírito-santense | D28: 4474.8583 | E28: 28775.263 | F28: 121400.15 | G28: 214265.9 | H28: 432212.54 | I28: 706301.82 | J28: 904061.4 | K28: 1045313.9 | L28: 1349564.3 | M28: 1110400.5 | N28: 1186299.5 | O28: 1283340.8 | P28: 1205401.9 | Q28: 1218667.8 | R28: 1379785.5 | S28: 1466783.4 | T28: 1594898.7 | U28: 1602093.2 | V28: 1667229.1 | W28: 1773145.4 | X28: 1878099.5 | Y28: 2003224 | Z28: 2146473.9 | AA28: 2074097.6 | AB28: 2314247 | AC28: 2403195.9 | AD28: 2328820.7 | AE28: 2293248.6 | AF28: 2120950.2 | AG28: 2223215.5 | AH28: 2118807.9 | AI28: 2146983
A29: ES | B29: 3202 | C29: Litoral Norte Espírito-santense | D29: 10114.937 | E29: 30418.332 | F29: 64709.85 | G29: 91168.854 | H29: 329618.63 | I29: 607368.25 | J29: 1053391.7 | K29: 1487451.3 | L29: 1601857.1 | M29: 1515569.3 | N29: 1655005.1 | O29: 1737004.1 | P29: 2062116.2 | Q29: 2080918.7 | R29: 2317335.4 | S29: 2498307.6 | T29: 2965308.9 | U29: 3053716.7 | V29: 3411987.7 | W29: 3057646.6 | X29: 3255727.7 | Y29: 3464376.9 | Z29: 3657222.5 | AA29: 3595237.6 | AB29: 3797775.6 | AC29: 3825849.5 | AD29: 3555029.4 | AE29: 3716915 | AF29: 3565602.9 | AG29: 3655079.4 | AH29: 3297100.1 | AI29: 3361205.5
A30: ES | B30: 3203 | C30: Central Espírito-santense | D30: 57310.357 | E30: 313611.87 | F30: 587445.63 | G30: 1249845.7 | H30: 3759560.5 | I30: 4589807.7 | J30: 9306767.3 | K30: 10237399 | L30: 16967848 | M30: 12420436 | N30: 13944094 | O30: 13917857 | P30: 13470886 | Q30: 13058835 | R30: 15591319 | S30: 16373166 | T30: 17040470 | U30: 18018823 | V30: 20056489 | W30: 20892373 | X30: 21197316 | Y30: 21537339 | Z30: 22064421 | AA30: 21362959 | AB30: 23822105 | AC30: 23097661 | AD30: 21486496 | AE30: 22202319 | AF30: 22999061 | AG30: 23748221 | AH30: 21875803 | AI30: 22822872
A31: ES | B31: 3204 | C31: Sul Espírito-santense | D31: 27315.415 | E31: 159668.46 | F31: 362355.63 | G31: 389221.68 | H31: 532202.3 | I31: 933135.97 | J31: 1411182 | K31: 1650914.5 | L31: 2145936.1 | M31: 1493028.6 | N31: 1658826.9 | O31: 1821945.5 | P31: 1816171.1 | Q31: 1880476 | R31: 2105002.9 | S31: 2195963.9 | T31: 2254564 | U31: 2501827.2 | V31: 2688978.7 | W31: 2863946.2 | X31: 3161886.6 | Y31: 4335173 | Z31: 5005218.7 | AA31: 5019374.1 | AB31: 5436529.5 | AC31: 4704655.3 | AD31: 3714399 | AE31: 4266317.8 | AF31: 4423958.9 | AG31: 4775218.9 | AH31: 3882494.1 | AI31: 4135354.7
A32: GO | B32: 5201 | C32: Noroeste Goiano | D32: 7586.9052 | E32: 14330.862 | F32: 21130.436 | G32: 29674.24 | H32: 151657.85 | I32: 421618.22 | J32: 455911.4 | K32: 964048.85 | L32: 564484.66 | M32: 511001.98 | N32: 578424.42 | O32: 596573.54 | P32: 664866.47 | Q32: 686539.98 | R32: 697926.07 | S32: 719503.28 | T32: 806128.84 | U32: 825717.1 | V32: 813048 | W32: 849171.87 | X32: 885640.37 | Y32: 921113.79 | Z32: 1054472.4 | AA32: 1047771.9 | AB32: 1139370.5 | AC32: 1118957.1 | AD32: 1089607.6 | AE32: 1175730.5 | AF32: 1209420.3 | AG32: 1159665.8 | AH32: 1151389.9 | AI32: 1193207.2
A33: GO | B33: 5202 | C33: Norte Goiano | D33: 3676.9979 | E33: 4402.9082 | F33: 3266.8529 | G33: 21286.944 | H33: 138131.11 | I33: 284934.11 | J33: 515678.35 | K33: 739885.14 | L33: 695879.12 | M33: 632998.68 | N33: 687240.33 | O33: 695913.82 | P33: 832880.65 | Q33: 845291.05 | R33: 874254.6 | S33: 950435.1 | T33: 1104466.9 | U33: 1278628.5 | V33: 1222865.8 | W33: 1236836.1 | X33: 1287475.8 | Y33: 1358829.7 | Z33: 1482029.2 | AA33: 1366300.2 | AB33: 1472771.7 | AC33: 1421343.1 | AD33: 1286650 | AE33: 1351580.5 | AF33: 1407469.2 | AG33: 1416862.5 | AH33: 1284106.5 | AI33: 1365352.8
A34: GO | B34: 5203 | C34: Centro Goiano | D34: 9727.3311 | E34: 102118.71 | F34: 399676.12 | G34: 1213889.4 | H34: 3495216.2 | I34: 6852083.4 | J34: 9935392.7 | K34: 13931039 | L34: 18629304 | M34: 15482805 | N34: 16029101 | O34: 16291824 | P34: 17260861 | Q34: 17683761 | R34: 18204671 | S34: 18738320 | T34: 21633287 | U34: 22786297 | V34: 23281167 | W34: 25151485 | X34: 25983966 | Y34: 27833243 | Z34: 30706179 | AA34: 30237991 | AB34: 33485869 | AC34: 32222820 | AD34: 30603262 | AE34: 32091232 | AF34: 30671024 | AG34: 30828535 | AH34: 28361993 | AI34: 29554886
A35: GO | B35: 5204 | C35: Leste Goiano | D35: 10523.787 | E35: 25336.424 | F35: 13325.888 | G35: 58908.637 | H35: 219427.94 | I35: 425817.24 | J35: 803263.54 | K35: 1091447.2 | L35: 2537135 | M35: 1933294.7 | N35: 2165830.1 | O35: 2171721.3 | P35: 2344704.1 | Q35: 2529330.2 | R35: 2676702.2 | S35: 2828849.8 | T35: 3063563.9 | U35: 3164393.8 | V35: 3428495.3 | W35: 3689162.2 | X35: 3934985.1 | Y35: 4217665.2 | Z35: 4723358.9 | AA35: 4759695.1 | AB35: 5160604.3 | AC35: 5168043.5 | AD35: 5367284.7 | AE35: 5184938 | AF35: 5243639.2 | AG35: 5266144.7 | AH35: 4984904.3 | AI35: 5294106.6
A36: GO | B36: 5205 | C36: Sul Goiano | D36: 26185.813 | E36: 134962.27 | F36: 196556.85 | G36: 498253.81 | H36: 1198523.3 | I36: 2092408.8 | J36: 2771872.4 | K36: 4744920.1 | L36: 4033090.6 | M36: 5054632.2 | N36: 5546446.5 | O36: 5988110.7 | P36: 7246439.1 | Q36: 7836201.3 | R36: 8030818.2 | S36: 7986312.1 | T36: 8718358.3 | U36: 8962527.6 | V36: 9579009.5 | W36: 10127959 | X36: 10025239 | Y36: 10813666 | Z36: 12087489 | AA36: 12023084 | AB36: 12706883 | AC36: 12271436 | AD36: 12126142 | AE36: 12879200 | AF36: 12753276 | AG36: 12620278 | AH36: 11605119 | AI36: 12805884
A37: MA | B37: 2101 | C37: Norte Maranhense | D37: 114606.99 | E37: 295146.45 | F37: 427998.69 | G37: 912112.59 | H37: 1458307.2 | I37: 2281216.7 | J37: 3755670.5 | K37: 5925025.7 | L37: 7865051.3 | M37: 6421585 | N37: 7189286.2 | O37: 7308882.7 | P37: 6871790.2 | Q37: 6871932 | R37: 7563254.7 | S37: 8174336.5 | T37: 8332565.2 | U37: 8631331.4 | V37: 9408403.5 | W37: 10036244 | X37: 10766942 | Y37: 10447249 | Z37: 11070424 | AA37: 11279353 | AB37: 12482690 | AC37: 11046552 | AD37: 11957951 | AE37: 11702091 | AF37: 12242685 | AG37: 10977305 | AH37: 10665632 | AI37: 10965702
A38: MA | B38: 2102 | C38: Oeste Maranhense | D38: 4498.7141 | E38: 11783.952 | F38: 13601.809 | G38: 73502.424 | H38: 274536.94 | I38: 639557.41 | J38: 1229864 | K38: 1216453.1 | L38: 1587160.1 | M38: 1816800.3 | N38: 2039715.4 | O38: 2073019.3 | P38: 2536107.2 | Q38: 2679478.1 | R38: 3056403.8 | S38: 3414994.2 | T38: 3496697.8 | U38: 3450298.1 | V38: 3547014.4 | W38: 3669907.9 | X38: 3711238.1 | Y38: 3753154.4 | Z38: 4127643.8 | AA38: 4477032.4 | AB38: 4829494.2 | AC38: 4307287.1 | AD38: 4915080.4 | AE38: 4534850.8 | AF38: 4595611.1 | AG38: 4267479.1 | AH38: 4035124 | AI38: 4297812.9
A39: MA | B39: 2103 | C39: Centro Maranhense | D39: 9666.6038 | E39: 29280.921 | F39: 61751.967 | G39: 225534.17 | H39: 388112.79 | I39: 514113.35 | J39: 803197.59 | K39: 704140.37 | L39: 820550.33 | M39: 719161.39 | N39: 798209.85 | O39: 825107.28 | P39: 979377.85 | Q39: 951119.94 | R39: 1038444.7 | S39: 1127808 | T39: 1189867.1 | U39: 1233391.4 | V39: 1381870.4 | W39: 1527976.1 | X39: 1408613.3 | Y39: 1484169.7 | Z39: 1595961.6 | AA39: 1905425.9 | AB39: 1950445.8 | AC39: 1760992 | AD39: 1894170.5 | AE39: 1835186.8 | AF39: 1909987.6 | AG39: 1781119.5 | AH39: 1747463.8 | AI39: 1853054.5
... A61: MT | B61: 5104 | C61: Centro-Sul Mato-grossense | D61: 23103.661 | E61: 92600.326 | F61: 139883.14 | G61: 193581.38 | H61: 785593.22 | I61: 1618602 | J61: 3326391.4 | K61: 5415222.6 | L61: 8252885.8 | M61: 5165726.8 | N61: 5264165.8 | O61: 5579894.7 | P61: 5295818 | Q61: 6570483.8 | R61: 6906007.8 | S61: 7403795.4 | T61: 7345241.9 | U61: 8076300.5 | V61: 8887262.4 | W61: 9286011.5 | X61: 9346846.1 | Y61: 9506399.5 | Z61: 10289388 | AA61: 9921914.5 | AB61: 11342910 | AC61: 11339639 | AD61: 11284391 | AE61: 11630366 | AF61: 11519721 | AG61: 11370098 | AH61: 10754478 | AI61: 10559436
A62: MT | B62: 5105 | C62: Sudeste Mato-grossense | E62: 17375.092 | F62: 38903.458 | G62: 44921.191 | H62: 197854.31 | I62: 453250.5 | J62: 814537.8 | K62: 1670042.9 | L62: 1432177.4 | M62: 1841617.8 | N62: 1926486.1 | O62: 2073816.1 | P62: 2228105.2 | Q62: 2878094.6 | R62: 2991689.3 | S62: 3038516.4 | T62: 2843362.2 | U62: 3447789.1 | V62: 4277506.4 | W62: 4291131.6 | X62: 4088854.2 | Y62: 4525054.6 | Z62: 4714454.2 | AA62: 4789919.7 | AB62: 5335683.6 | AC62: 5330380.9 | AD62: 5359540.3 | AE62: 5316915.9 | AF62: 5591219.2 | AG62: 5431485.4 | AH62: 5528420.1 | AI62: 6633547.9
A63: PA | B63: 1501 | C63: Baixo Amazonas | D63: 20058.94 | E63: 49210.569 | F63: 86962.088 | G63: 246663.61 | H63: 329334.78 | I63: 506628.32 | J63: 1149645.9 | K63: 1960779.3 | L63: 999083.07 | M63: 1070261 | N63: 1026686.5 | O63: 1200301.7 | P63: 1367199.8 | Q63: 1392695.5 | R63: 1748642.2 | S63: 1698458 | T63: 1710011.2 | U63: 1784781.9 | V63: 1824697.5 | W63: 1825599.9 | X63: 1866188 | Y63: 1881620.5 | Z63: 2040313.9 | AA63: 2113627.3 | AB63: 2268236 | AC63: 2288143 | AD63: 2375066.3 | AE63: 2314374.5 | AF63: 2438214.6 | AG63: 2379293.2 | AH63: 2235404.5 | AI63: 2318219.2
A64: PA | B64: 1502 | C64: Marajó | D64: 30908.875 | E64: 40134.418 | F64: 26386.355 | G64: 40941.972 | H64: 134709.72 | I64: 211891.73 | J64: 354323.28 | K64: 373793.84 | L64: 246318.29 | M64: 224313.43 | N64: 221905.18 | O64: 243493.7 | P64: 247982.66 | Q64: 229983.75 | R64: 275429.76 | S64: 288595.27 | T64: 282664.52 | U64: 314708.23 | V64: 299011.32 | W64: 341998.72 | X64: 326510.76 | Y64: 355901.84 | Z64: 399445.96 | AA64: 401274.75 | AB64: 427530.09 | AC64: 445027.95 | AD64: 465050.3 | AE64: 452707.51 | AF64: 506538.02 | AG64: 455451.67 | AH64: 424889.63 | AI64: 390310.53
A65: PA | B65: 1503 | C65: Metropolitana de Belém | D65: 226300.71 | E65: 629721.29 | F65: 896557.54 | G65: 1808495.2 | H65: 3487638.5 | I65: 4923396.9 | J65: 7843472.7 | K65: 8277943 | L65: 14191555 | M65: 10268447 | N65: 11515533 | O65: 11021180 | P65: 11068831 | Q65: 10577718 | R65: 12665157 | S65: 12369686 | T65: 13618411 | U65: 14913359 | V65: 14678345 | W65: 15439916 | X65: 15040908 | Y65: 15408803 | Z65: 17049669 | AA65: 16286631 | AB65: 16785461 | AC65: 16064397 | AD65: 15628626 | AE65: 15529293 | AF65: 15741035 | AG65: 15386772 | AH65: 13576798 | AI65: 13599980
A66: PA | B66: 1504 | C66: Nordeste Paraense | D66: 60779.472 | E66: 118962 | F66: 90390.903 | G66: 251224.54 | H66: 519182.49 | I66: 683965.87 | J66: 1139078.4 | K66: 1414501.2 | L66: 1156266 | M66: 1305548 | N66: 1254689 | O66: 1290059.4 | P66: 1334485.4 | Q66: 1328269.6 | R66: 1494058.9 | S66: 1591991 | T66: 1702393.8 | U66: 1901481.6 | V66: 1870461.2 | W66: 2027218.8 | X66: 1987069.9 | Y66: 2151682.2 | Z66: 2343449.4 | AA66: 2490185.5 | AB66: 2659596.6 | AC66: 2680165.9 | AD66: 2771133.6 | AE66: 2732898.4 | AF66: 2863193.3 | AG66: 2829254.3 | AH66: 2732792.9 | AI66: 2731044.5
A67: PA | B67: 1505 | C67: Sudoeste Paraense | D67: 12440.413 | E67: 10722.982 | F67: 11062.514 | G67: 7847.513 | H67: 35762.298 | I67: 98917.795 | J67: 497310.33 | K67: 1198809.1 | L67: 493154.13 | M67: 519338.84 | N67: 478272.6 | O67: 543462.74 | P67: 608038.93 | Q67: 640430.44 | R67: 760531.32 | S67: 748323.62 | T67: 771355.38 | U67: 912237.77 | V67: 882886.12 | W67: 944278.19 | X67: 910052.39 | Y67: 1006003.3 | Z67: 1308531.8 | AA67: 1440431.4 | AB67: 1785452.4 | AC67: 1886745.8 | AD67: 1747706.1 | AE67: 1770705.4 | AF67: 1862592.3 | AG67: 1924923.7 | AH67: 1836704.8 | AI67: 1979576.2
A68: PA | B68: 1506 | C68: Sudeste Paraense | D68: 5591.6176 | E68: 8535.182 | F68: 36926.786 | G68: 60217.836 | H68: 119141.75 | I68: 327540.27 | J68: 1359366.6 | K68: 2255095 | L68: 1817422.4 | M68: 2546994.9 | N68: 2610979.1 | O68: 2875826.4 | P68: 3005634.4 | Q68: 3191264.4 | R68: 4009331.4 | S68: 4259176.4 | T68: 4711494.4 | U68: 5595442.7 | V68: 5966817.3 | W68: 5918363.5 | X68: 6690485.6 | Y68: 7470435.5 | Z68: 7900480.1 | AA68: 7626765.3 | AB68: 7767698.3 | AC68: 7366170.6 | AD68: 7421088.5 | AE68: 7849765.4 | AF68: 8189984.1 | AG68: 9038754.2 | AH68: 8931486 | AI68: 9655966.4
A69: PB | B69: 2501 | C69: Sertão Paraibano | D69: 14914.457 | E69: 91097.345 | F69: 205093.71 | G69: 240687.66 | H69: 417444.93 | I69: 649098.49 | J69: 915346.48 | K69: 1182226.7 | L69: 1341640.1 | M69: 1070137 | N69: 1058918.4 | O69: 1031833.1 | P69: 1166900.5 | Q69: 1179384.2 | R69: 1227725.2 | S69: 1253145.7 | T69: 1416595.7 | U69: 1518615.2 | V69: 1657906.8 | W69: 1754611.2 | X69: 1679309.6 | Y69: 1708118.9 | Z69: 1918801.7 | AA69: 1974643 | AB69: 2263353.7 | AC69: 2250628.6 | AD69: 2321366.9 | AE69: 2327631.1 | AF69: 2243141.2 | AG69: 2335385.4 | AH69: 2188032.3 | AI69: 2141583.7
A70: PB | B70: 2502 | C70: Borborema | D70: 9046.0656 | E70: 25218.86 | F70: 40578.838 | G70: 66687.897 | H70: 124441.93 | I70: 162784.92 | J70: 239472.75 | K70: 315765.01 | L70: 398304.64 | M70: 260772.02 | N70: 259642.99 | O70: 290474.09 | P70: 294810.75 | Q70: 286446.81 | R70: 284931.66 | S70: 296078.02 | T70: 323747.27 | U70: 352446.23 | V70: 371929.72 | W70: 392385.24 | X70: 390865.34 | Y70: 388960.81 | Z70: 441686.34 | AA70: 460425.65 | AB70: 534749.45 | AC70: 555161.24 | AD70: 570125.61 | AE70: 596332.68 | AF70: 599581.12 | AG70: 598367.57 | AH70: 572513.62 | AI70: 577614.7
A71: PB | B71: 2503 | C71: Agreste Paraibano | D71: 43926.216 | E71: 235659 | F71: 397046.43 | G71: 713237.53 | H71: 884256.2 | I71: 1253329.6 | J71: 1878119.4 | K71: 1739435.8 | L71: 3174355.4 | M71: 2164998.6 | N71: 2153809.2 | O71: 2125961.1 | P71: 2345454.7 | Q71: 2258116.6 | R71: 2272557.9 | S71: 2387310.1 | T71: 2812393.5 | U71: 2986228.1 | V71: 3070506.2 | W71: 3226199.7 | X71: 3195798.5 | Y71: 3296867.4 | Z71: 3625699.3 | AA71: 3472563.1 | AB71: 3979893.3 | AC71: 3959222.8 | AD71: 3952247.2 | AE71: 3938667.4 | AF71: 3847125.6 | AG71: 3940426.9 | AH71: 3886636.6 | AI71: 3869824.3
A72: PB | B72: 2504 | C72: Mata Paraibana | D72: 59397.895 | E72: 279608.07 | F72: 363313.02 | G72: 516160.57 | H72: 1279933.2 | I72: 1761716.1 | J72: 3364510 | K72: 4200542.2 | L72: 8330334.9 | M72: 4248650.1 | N72: 4559712.4 | O72: 4788670.5 | P72: 5382165.5 | Q72: 5198340.8 | R72: 5057040.9 | S72: 5274942.6 | T72: 6092710.1 | U72: 6577735.9 | V72: 7116982.3 | W72: 7394285.4 | X72: 7387223.1 | Y72: 7336564.5 | Z72: 7988452 | AA72: 8036440.1 | AB72: 9158011.8 | AC72: 8947358.8 | AD72: 8948447 | AE72: 9243245.8 | AF72: 9044760.9 | AG72: 9337696.7 | AH72: 8669361.5 | AI72: 8845532.6
A73: PE | B73: 2601 | C73: Sertão Pernambucano | D73: 12523.556 | E73: 83376.312 | F73: 223443.11 | G73: 459884.77 | H73: 512359.93 | I73: 1400457.9 | J73: 1226542 | K73: 1199163.3 | L73: 1400919 | M73: 1153376.9 | N73: 1133064.3 | O73: 1151840.3 | P73: 1177130.5 | Q73: 1124788.1 | R73: 1168958.9 | S73: 1246520.7 | T73: 1345261.1 | U73: 1469730.2 | V73: 1555606.6 | W73: 1594041.8 | X73: 1816351.3 | Y73: 2037879.7 | Z73: 2364478 | AA73: 2504974.5 | AB73: 2713680.4 | AC73: 2415270.6 | AD73: 2397039.4 | AE73: 2434722.9 | AF73: 2461272.2 | AG73: 2531867.6 | AH73: 2366597.1 | AI73: 2330431.4
A74: PE | B74: 2602 | C74: São Francisco Pernambucano | D74: 13144.487 | E74: 34640.261 | F74: 41910.769 | G74: 82809.545 | H74: 228776.27 | I74: 379509.53 | J74: 610214.51 | K74: 741087.05 | L74: 1135209.1 | M74: 970776.45 | N74: 949763.82 | O74: 992672.68 | P74: 1132539 | Q74: 1117204.9 | R74: 1175103.2 | S74: 1290057.2 | T74: 1309441.4 | U74: 1411379.6 | V74: 1508087.9 | W74: 1568627.1 | X74: 1822560.8 | Y74: 2000223.8 | Z74: 2246245 | AA74: 2367753.9 | AB74: 2576445 | AC74: 2343774.3 | AD74: 2309052.3 | AE74: 2377750.9 | AF74: 2397661.6 | AG74: 2471156.6 | AH74: 2142666.4 | AI74: 2249965.7
... A81: PI | B81: 2204 | C81: Sudeste Piauiense | D81: 9696.4707 | E81: 26217.068 | F81: 31077.609 | G81: 48493.082 | H81: 139866.83 | I81: 215266.84 | J81: 368858.24 | K81: 446138.8 | L81: 628512.74 | M81: 508358.12 | N81: 582449.45 | O81: 541710.6 | P81: 468786.47 | Q81: 430450.08 | R81: 508447.28 | S81: 571994.71 | T81: 660568.07 | U81: 641076.93 | V81: 717569.98 | W81: 764164.08 | X81: 865315 | Y81: 917761.92 | Z81: 970253.27 | AA81: 1043489 | AB81: 1130689 | AC81: 1085941.8 | AD81: 1170435.4 | AE81: 1200472.8 | AF81: 1173933.2 | AG81: 1249621.1 | AH81: 1194705.1 | AI81: 1204280.1
A82: PR | B82: 4101 | C82: Noroeste Paranaense | G82: 528676.36 | H82: 1290031.6 | I82: 2233867.3 | J82: 1772813.4 | K82: 2421333.4 | L82: 2410131.1 | M82: 2762926.1 | N82: 2747792 | O82: 2521501.2 | P82: 2600024.1 | Q82: 2857629.5 | R82: 2913754.9 | S82: 2884319.6 | T82: 2955897.6 | U82: 3220912.5 | V82: 3256791.1 | W82: 3381165.6 | X82: 3463201.3 | Y82: 3642192.1 | Z82: 4191830.2 | AA82: 4700144.2 | AB82: 4780879 | AC82: 4969645.7 | AD82: 4898231.3 | AE82: 5126456.4 | AF82: 5135982.4 | AG82: 5206524.2 | AH82: 4804737.8 | AI82: 4605840.8
A83: PR | B83: 4102 | C83: Centro Ocidental Paranaense | F83: 12422.036 | G83: 138376.16 | H83: 739588.57 | I83: 1184012.9 | J83: 1176212.1 | K83: 1564005 | L83: 1365419.5 | M83: 1935056.5 | N83: 1922458.8 | O83: 1926508.8 | P83: 1678337.6 | Q83: 1990942.7 | R83: 2016631.4 | S83: 1933339.9 | T83: 1967968.5 | U83: 2091040.1 | V83: 2301961.4 | W83: 2219458.7 | X83: 2117133.4 | Y83: 2301794.9 | Z83: 2509191.9 | AA83: 2701770.4 | AB83: 2778560.7 | AC83: 2852880.4 | AD83: 2848045.2 | AE83: 2803007.7 | AF83: 3096995 | AG83: 2923258.4 | AH83: 2934601.4 | AI83: 2804042.7
A84: PR | B84: 4103 | C84: Norte Central Paranaense | D84: 1112.9311 | E84: 48319.183 | F84: 725422.35 | G84: 1687883.2 | H84: 4203480.6 | I84: 7637448.4 | J84: 7614763.3 | K84: 9348457.3 | L84: 12708723 | M84: 13121529 | N84: 13159734 | O84: 12645307 | P84: 12085269 | Q84: 13544997 | R84: 14191913 | S84: 13818500 | T84: 14519257 | U84: 16720284 | V84: 16055668 | W84: 17127500 | X84: 17948408 | Y84: 18761845 | Z84: 20489898 | AA84: 23047605 | AB84: 22739760 | AC84: 23338904 | AD84: 22187568 | AE84: 22609604 | AF84: 23104760 | AG84: 23635417 | AH84: 21643311 | AI84: 21238410
A85: PR | B85: 4104 | C85: Norte Pioneiro Paranaense | D85: 10924.225 | E85: 114592.43 | F85: 536868.7 | G85: 710824.92 | H85: 1217983 | I85: 1732764.1 | J85: 1626373.5 | K85: 2315083.2 | L85: 1939799 | M85: 2161935.1 | N85: 2153707.6 | O85: 2085467.8 | P85: 2050125.1 | Q85: 2223710 | R85: 2291315.9 | S85: 2234985.9 | T85: 2303665.8 | U85: 2527836.2 | V85: 2467392.7 | W85: 2604886.8 | X85: 2562250.7 | Y85: 2717067.1 | Z85: 2869616.7 | AA85: 3134109.8 | AB85: 3192406.9 | AC85: 3411131.1 | AD85: 3366987.4 | AE85: 3515395.6 | AF85: 3574076 | AG85: 3537930.3 | AH85: 3352159 | AI85: 3227273.2
A86: PR | B86: 4105 | C86: Centro Oriental Paranaense | D86: 32548.199 | E86: 195330.5 | F86: 409956.06 | G86: 401466.64 | H86: 1056558.3 | I86: 2369689.3 | J86: 2409493.9 | K86: 3282213 | L86: 3231510.7 | M86: 3361661.9 | N86: 3364789.4 | O86: 3274399.3 | P86: 3548295.9 | Q86: 3991161.7 | R86: 4186305.9 | S86: 4091649.1 | T86: 4289735.5 | U86: 4933910.2 | V86: 4805536 | W86: 4881426.8 | X86: 4933765.9 | Y86: 5147272.8 | Z86: 5572688.8 | AA86: 6164176.9 | AB86: 6229265.4 | AC86: 6420398.1 | AD86: 6441876.9 | AE86: 6758912.3 | AF86: 6802933.2 | AG86: 6967729.9 | AH86: 6401122.1 | AI86: 6431831.6
A87: PR | B87: 4106 | C87: Oeste Paranaense | D87: 3862.2122 | E87: 12552.737 | F87: 15417.472 | G87: 205145.6 | H87: 1311913.5 | I87: 3532409.9 | J87: 4839600.5 | K87: 5548544.6 | L87: 6291988.1 | M87: 6914828.5 | N87: 6998346.5 | O87: 6722386 | P87: 7179003.4 | Q87: 8231337.8 | R87: 8472858 | S87: 8269969.4 | T87: 8516652.6 | U87: 9691941.8 | V87: 9749255.3 | W87: 9756193.6 | X87: 9872573.7 | Y87: 10632117 | Z87: 11544862 | AA87: 12981535 | AB87: 13150934 | AC87: 13495706 | AD87: 13524143 | AE87: 13409264 | AF87: 13897173 | AG87: 13786861 | AH87: 12835396 | AI87: 12576525
A88: PR | B88: 4107 | C88: Sudoeste Paranaense | G88: 135128.69 | H88: 537007.13 | I88: 1216426.8 | J88: 1517168.5 | K88: 1607948.9 | L88: 3275800.1 | M88: 2026304.3 | N88: 2074491.4 | O88: 1922506 | P88: 2010455 | Q88: 2411601.3 | R88: 2507775.2 | S88: 2439557.5 | T88: 2460440.3 | U88: 2911062.8 | V88: 2998453.5 | W88: 3143186.8 | X88: 2982972.1 | Y88: 3203131.6 | Z88: 3497659.7 | AA88: 4154287 | AB88: 4325975 | AC88: 4507203.9 | AD88: 4549429.4 | AE88: 4607016.1 | AF88: 4780088.6 | AG88: 4707418.7 | AH88: 4429235.3 | AI88: 4503849.9
A89: PR | B89: 4108 | C89: Centro-Sul Paranaense | D89: 7625.0885 | E89: 26646.329 | F89: 83020.486 | G89: 224320.01 | H89: 665163.25 | I89: 1391275.4 | J89: 1462183 | K89: 1665911.7 | L89: 1647482.8 | M89: 2247661.6 | N89: 2268934.7 | O89: 2203063.8 | P89: 1898120.5 | Q89: 2208544.3 | R89: 2345441.9 | S89: 2234611.9 | T89: 2313674 | U89: 2625053.9 | V89: 2611544.6 | W89: 2564895.3 | X89: 2559523.4 | Y89: 2707550.1 | Z89: 2904857.3 | AA89: 3367500.4 | AB89: 3402986 | AC89: 3469987.6 | AD89: 3516814.8 | AE89: 3525183.9 | AF89: 3718753 | AG89: 3606228.8 | AH89: 3694634.6 | AI89: 3683762.3
A90: PR | B90: 4109 | C90: Sudeste Paranaense | D90: 19878.994 | E90: 88586.022 | F90: 189116.65 | G90: 225808.58 | H90: 541101.63 | I90: 708279.39 | J90: 831706.14 | K90: 1041090.1 | L90: 1010834.7 | M90: 1127381.8 | N90: 1137637.9 | O90: 1074787.7 | P90: 1212204.7 | Q90: 1394460.8 | R90: 1463798.6 | S90: 1472262.2 | T90: 1564907 | U90: 1707750.8 | V90: 1740374.1 | W90: 1816592.2 | X90: 1717473.4 | Y90: 1749552.8 | Z90: 1897998.6 | AA90: 2208509.4 | AB90: 2221643.6 | AC90: 2324623.2 | AD90: 2246843.1 | AE90: 2359658.3 | AF90: 2427710.1 | AG90: 2409102.6 | AH90: 2231729 | AI90: 2298195.8
A91: PR | B91: 4110 | C91: Metropolitana de Curitiba | D91: 98078.411 | E91: 730953.33 | F91: 1110231.2 | G91: 3469679.3 | H91: 7914758.6 | I91: 13949886 | J91: 21731679 | K91: 24122534 | L91: 38507770 | M91: 34972384 | N91: 34392612 | O91: 34836701 | P91: 32177440 | Q91: 35467093 | R91: 36716168 | S91: 36111117 | T91: 37937931 | U91: 45372183 | V91: 45833770 | W91: 46450994 | X91: 49011979 | Y91: 49910105 | Z91: 51231578 | AA91: 54312740 | AB91: 52363137 | AC91: 52028004 | AD91: 48893366 | AE91: 49234266 | AF91: 50301449 | AG91: 51479828 | AH91: 44214644 | AI91: 44683897
A92: RJ | B92: 3301 | C92: Noroeste Fluminense | D92: 33934.661 | E92: 142343.17 | F92: 126126.05 | G92: 215801.22 | H92: 317692.13 | I92: 634837.25 | J92: 665500.95 | K92: 761584.99 | L92: 1303326.7 | M92: 1601209.9 | N92: 1584272.4 | O92: 1515942 | P92: 1386945.9 | Q92: 1381016.5 | R92: 1391764.9 | S92: 1407352.1 | T92: 1416255.7 | U92: 1400294.2 | V92: 1529707.4 | W92: 1577289.1 | X92: 1591236.5 | Y92: 1639144 | Z92: 1725348.4 | AA92: 1786493.3 | AB92: 2240319.3 | AC92: 1979532.9 | AD92: 1948538.3 | AE92: 1954485.8 | AF92: 1928868.6 | AG92: 1966568.9 | AH92: 1926119.4 | AI92: 1721301.7
A93: RJ | B93: 3302 | C93: Norte Fluminense | D93: 87645.81 | E93: 353613.47 | F93: 302446.72 | G93: 778398.91 | H93: 1005119.8 | I93: 2046772.2 | J93: 2560951.8 | K93: 3121339.3 | L93: 3579626.8 | M93: 4310486.4 | N93: 4426931.4 | O93: 4644519.2 | P93: 10772784 | Q93: 11002379 | R93: 11220569 | S93: 13852419 | T93: 14250685 | U93: 14857379 | V93: 19619122 | W93: 16850978 | X93: 18359337 | Y93: 20698272 | Z93: 21271832 | AA93: 21333500 | AB93: 20462183 | AC93: 15525122 | AD93: 11211946 | AE93: 11239768 | AF93: 12403354 | AG93: 12257444 | AH93: 10832564 | AI93: 10983480
A94: RJ | B94: 3303 | C94: Centro Fluminense | D94: 52287.216 | E94: 170535.87 | F94: 320264.99 | G94: 597346.86 | H94: 748005.72 | I94: 1333387.6 | J94: 1603312.1 | K94: 1635872.4 | L94: 2713272.9 | M94: 3110313.8 | N94: 3107672.5 | O94: 2911390.7 | P94: 2610511.4 | Q94: 2519328 | R94: 2589809.8 | S94: 2503603.7 | T94: 2664677.7 | U94: 2787579.3 | V94: 2940104.9 | W94: 3288275.7 | X94: 3345459.5 | Y94: 3229628 | Z94: 3420425.8 | AA94: 3479511 | AB94: 3739675 | AC94: 3837943.1 | AD94: 3878388.2 | AE94: 3804591.2 | AF94: 3701552 | AG94: 3721508.1 | AH94: 3789793.9 | AI94: 3469149.9
A95: RJ | B95: 3304 | C95: Baixadas | D95: 25775.533 | E95: 50070 | F95: 48313.731 | G95: 162083.88 | H95: 391226.83 | I95: 685788.36 | J95: 1092855.4 | K95: 1241912.3 | L95: 2019548.4 | M95: 3099018.4 | N95: 2948876.7 | O95: 2882038.1 | P95: 5426167 | Q95: 5267816.2 | R95: 5425437 | S95: 7566170.3 | T95: 7904045.2 | U95: 7683040.8 | V95: 8642279.6 | W95: 8234230.7 | X95: 8683798.7 | Y95: 10017235 | Z95: 11359004 | AA95: 11415638 | AB95: 10864896 | AC95: 8128628.4 | AD95: 6498824 | AE95: 6859235.7 | AF95: 7773478 | AG95: 8915877.9 | AH95: 8352172.8 | AI95: 10181204
A96: RJ | B96: 3305 | C96: Sul Fluminense | D96: 58436.673 | E96: 213374.44 | F96: 563426.13 | G96: 918559.69 | H96: 1821311.1 | I96: 4422925.5 | J96: 4980718.4 | K96: 5966018.5 | L96: 6264216.7 | M96: 8577896.2 | N96: 8508411.9 | O96: 8205525.4 | P96: 8332296.5 | Q96: 8193849.6 | R96: 9072973.1 | S96: 8197241.4 | T96: 8224955.3 | U96: 9046666.1 | V96: 10544518 | W96: 11133337 | X96: 12450212 | Y96: 12139408 | Z96: 12525787 | AA96: 13099464 | AB96: 13417008 | AC96: 12625944 | AD96: 12565103 | AE96: 12933385 | AF96: 12348915 | AG96: 12182793 | AH96: 11964282 | AI96: 11229231
A97: RJ | B97: 3306 | C97: Metropolitana do Rio de Janeiro | D97: 2411070.3 | E97: 13824277 | F97: 24585757 | G97: 40568017 | H97: 71681109 | I97: 1.0907899e+08 | J97: 1.4089653e+08 | K97: 1.2222456e+08 | L97: 1.6090567e+08 | M97: 1.3467499e+08 | N97: 1.3190646e+08 | O97: 1.2969087e+08 | P97: 1.2790401e+08 | Q97: 1.2266955e+08 | R97: 1.2590497e+08 | S97: 1.2510768e+08 | T97: 1.2530807e+08 | U97: 1.3302853e+08 | V97: 1.3428679e+08 | W97: 1.4905551e+08 | X97: 1.5123247e+08 | Y97: 1.5647077e+08 | Z97: 1.5936876e+08 | AA97: 1.6750854e+08 | AB97: 1.7199281e+08 | AC97: 1.7158068e+08 | AD97: 1.6796444e+08 | AE97: 1.675685e+08 | AF97: 1.6783922e+08 | AG97: 1.6228772e+08 | AH97: 1.5166823e+08 | AI97: 1.411024e+08
A98: RN | B98: 2401 | C98: Oeste Potiguar | D98: 27860.466 | E98: 96769.036 | F98: 209539.77 | G98: 409135.98 | H98: 432575.95 | I98: 691849.89 | J98: 1083179.6 | K98: 1295101.5 | L98: 1758193.2 | M98: 1380305.6 | N98: 1456509.7 | O98: 1479055.2 | P98: 1852242 | Q98: 1866556.9 | R98: 2264951.3 | S98: 2249692.1 | T98: 2371507.4 | U98: 2526655 | V98: 2434287.3 | W98: 2642699 | X98: 2905572.7 | Y98: 3155757.1 | Z98: 3459672.1 | AA98: 3527812.9 | AB98: 3469380.3 | AC98: 3283019.8 | AD98: 3142363 | AE98: 3347561.1 | AF98: 3473160.6 | AG98: 3682890.8 | AH98: 3419979.6 | AI98: 3412658.4
A99: RN | B99: 2402 | C99: Central Potiguar | D99: 20947.754 | E99: 64144.908 | F99: 141330.75 | G99: 207523.54 | H99: 277837.03 | I99: 326144.95 | J99: 503201.43 | K99: 728267.91 | L99: 860542.13 | M99: 703736.88 | N99: 747369.79 | O99: 748778.49 | P99: 713909.28 | Q99: 686884.63 | R99: 786025.94 | S99: 814582.65 | T99: 846646.79 | U99: 909664.57 | V99: 873819.02 | W99: 1003601.5 | X99: 1150475 | Y99: 1216682.1 | Z99: 1341576.9 | AA99: 1359463.9 | AB99: 1365827.6 | AC99: 1319805.5 | AD99: 1244519.7 | AE99: 1336357.8 | AF99: 1310220.3 | AG99: 1365770.1 | AH99: 1298145.8 | AI99: 1252560.9
A100: RN | B100: 2403 | C100: Agreste Potiguar | D100: 4272.4784 | E100: 17257.669 | F100: 50797.894 | G100: 87295.478 | H100: 125266.67 | I100: 208149.59 | J100: 317046.66 | K100: 328010.23 | L100: 479912.71 | M100: 444550.22 | N100: 479694.8 | O100: 487996.97 | P100: 371050.35 | Q100: 374194 | R100: 412509.34 | S100: 435137.33 | T100: 438108.17 | U100: 478326.97 | V100: 442968.99 | W100: 504933.34 | X100: 539778.56 | Y100: 607374.35 | Z100: 728771.18 | AA100: 763313.86 | AB100: 758462.36 | AC100: 784533.7 | AD100: 806359.25 | AE100: 886561.21 | AF100: 851376.16 | AG100: 893709.58 | AH100: 888288.04 | AI100: 859829.14
... A102: RO | B102: 1101 | C102: Madeira-Guaporé | D102: 16457.862 | E102: 24587.902 | F102: 107486.22 | G102: 130361.21 | H102: 444641.03 | I102: 778899.57 | J102: 1408784.9 | K102: 2965131.5 | L102: 3381675.4 | M102: 1824329 | N102: 1836874.4 | O102: 2023068.6 | P102: 2093035.5 | Q102: 2513256.7 | R102: 2781271.5 | S102: 3043342.6 | T102: 2659813.6 | U102: 2913902.2 | V102: 3211011.4 | W102: 3478032.7 | X102: 3902146.2 | Y102: 4184542 | Z102: 4448624.1 | AA102: 4239721.3 | AB102: 4496848.4 | AC102: 4372569.6 | AD102: 4294991.7 | AE102: 4257591.2 | AF102: 4471487.1 | AG102: 4632188.3 | AH102: 4724484.8 | AI102: 4175726.1
A103: RO | B103: 1102 | C103: Leste Rondoniense | J103: 726032.35 | K103: 2652637.9 | L103: 2910043.9 | M103: 2440458.4 | N103: 2615755.9 | O103: 2398936.7 | P103: 2627033.4 | Q103: 3109379.4 | R103: 3379192.3 | S103: 3578865.8 | T103: 3160655.4 | U103: 3550659.8 | V103: 3979586.8 | W103: 3992609.3 | X103: 4109577.6 | Y103: 4359771.6 | Z103: 4552182.5 | AA103: 4503792.1 | AB103: 4740142.6 | AC103: 4627086 | AD103: 4589420.9 | AE103: 4584809 | AF103: 4946530.2 | AG103: 5190644.1 | AH103: 5334087.7 | AI103: 5140266.3
A104: RR | B104: 1401 | C104: Norte de Roraima | D104: 1425.7428 | E104: 3476.9968 | F104: 34375.596 | G104: 33391.876 | H104: 125465.19 | I104: 201572.29 | J104: 394175.67 | K104: 711685.7 | L104: 2205371.7 | M104: 1046876.3 | N104: 1101703.8 | O104: 1142443.4 | P104: 1381898.9 | Q104: 1421722.5 | R104: 1342068.5 | S104: 1389356.4 | T104: 1521966 | U104: 1639185.1 | V104: 1743291.5 | W104: 1907057.3 | X104: 1996590.4 | Y104: 2077167.4 | Z104: 2061772.9 | AA104: 2156550.9 | AB104: 2391494.3 | AC104: 2202537.7 | AD104: 2196312.1 | AE104: 2313419.3 | AF104: 2509071.5 | AG104: 2652856.6 | AH104: 2576300.2 | AI104: 2795800.5
A105: RR | B105: 1402 | C105: Sul de Roraima | D105: 626.93067 | E105: 777.80737 | G105: 473.71436 | H105: 7981.7856 | I105: 29910.329 | J105: 71677.136 | K105: 68134.511 | L105: 125332.09 | M105: 103329.94 | N105: 103334.82 | O105: 111000.37 | P105: 86931.868 | Q105: 87246.274 | R105: 97356.318 | S105: 99636.083 | T105: 96452.843 | U105: 107911.28 | V105: 107456.39 | W105: 126394.36 | X105: 126322.65 | Y105: 139499.91 | Z105: 146422.82 | AA105: 159703.83 | AB105: 174826.02 | AC105: 171201.91 | AD105: 176731.52 | AE105: 184035.02 | AF105: 194659.43 | AG105: 199271.94 | AH105: 209366.4 | AI105: 221722.4
A106: RS | B106: 4301 | C106: Noroeste Rio-grandense | D106: 60023.141 | E106: 523992.13 | F106: 1222964 | G106: 2535793.8 | H106: 4889594.6 | I106: 8546184.8 | J106: 8686236.1 | K106: 10632419 | L106: 10451836 | M106: 11470202 | N106: 11469109 | O106: 12299246 | P106: 12166631 | Q106: 13942208 | R106: 13385566 | S106: 11885850 | T106: 12763945 | U106: 14283384 | V106: 15139782 | W106: 14857874 | X106: 15528544 | Y106: 16943942 | Z106: 17556280 | AA106: 20135261 | AB106: 20034910 | AC106: 20151310 | AD106: 20093432 | AE106: 20492634 | AF106: 21597503 | AG106: 21617159 | AH106: 19849983 | AI106: 20887118
A107: RS | B107: 4302 | C107: Nordeste Rio-grandense | D107: 39241.541 | E107: 232617.05 | F107: 754800.31 | G107: 1134420.5 | H107: 1945396.2 | I107: 2979553.5 | J107: 4346049.1 | K107: 6533982.2 | L107: 6654352.8 | M107: 7967371.6 | N107: 8098388.8 | O107: 8157643.9 | P107: 8557391.8 | Q107: 8237123.2 | R107: 8642148.4 | S107: 9076392.8 | T107: 9274509.3 | U107: 10238017 | V107: 10418936 | W107: 10427296 | X107: 11487571 | Y107: 11941233 | Z107: 12311169 | AA107: 12716980 | AB107: 13487405 | AC107: 12964595 | AD107: 12031700 | AE107: 12717295 | AF107: 13482200 | AG107: 14008522 | AH107: 12816492 | AI107: 12763860
A108: RS | B108: 4303 | C108: Centro Ocidental Rio-grandense | D108: 38313.096 | E108: 290093.05 | F108: 358432.25 | G108: 806871.49 | H108: 1512123.5 | I108: 1958347.3 | J108: 2427743.5 | K108: 3055857.5 | L108: 3909922.7 | M108: 2963974.1 | N108: 2888641.1 | O108: 2955079.6 | P108: 3037940.7 | Q108: 3169385.3 | R108: 3238447.6 | S108: 3177617.3 | T108: 3380679.1 | U108: 3767575.4 | V108: 3832148.4 | W108: 3796627.5 | X108: 3874657.4 | Y108: 4235002.8 | Z108: 4233373.5 | AA108: 4722523.8 | AB108: 4917061.6 | AC108: 4699684.3 | AD108: 4600193.4 | AE108: 4824283.8 | AF108: 5058597.8 | AG108: 5259981 | AH108: 4783449.9 | AI108: 4944392.4
A109: RS | B109: 4304 | C109: Centro Oriental Rio-grandense | D109: 48678.512 | E109: 331235.65 | F109: 722490.83 | G109: 831261.62 | H109: 1584338.8 | I109: 2198906.2 | J109: 2560938.9 | K109: 3864229.7 | L109: 3910839.1 | M109: 4391208.8 | N109: 4318149.4 | O109: 4499925.6 | P109: 4889126.8 | Q109: 4845807.8 | R109: 5054904.6 | S109: 5236298 | T109: 5322455.9 | U109: 5708124.2 | V109: 5849975.6 | W109: 5972081.5 | X109: 6335122.4 | Y109: 6674376.5 | Z109: 6962902.8 | AA109: 7308227.5 | AB109: 7791969.9 | AC109: 7413983.2 | AD109: 7135589.1 | AE109: 7618376.5 | AF109: 7835700.8 | AG109: 8050215.2 | AH109: 7393892.1 | AI109: 7140239.5
A110: RS | B110: 4305 | C110: Metropolitana de Porto Alegre | D110: 257931.21 | E110: 2177888.3 | F110: 3634879.3 | G110: 6857143.9 | H110: 15612579 | I110: 24730424 | J110: 37492175 | K110: 41354184 | L110: 55297334 | M110: 44832684 | N110: 44782383 | O110: 45072969 | P110: 44065574 | Q110: 42480703 | R110: 43270657 | S110: 46936203 | T110: 48110443 | U110: 52111301 | V110: 51781713 | W110: 51665454 | X110: 55042765 | Y110: 55550445 | Z110: 58381617 | AA110: 60461702 | AB110: 62185331 | AC110: 63268083 | AD110: 62262497 | AE110: 62887032 | AF110: 64574160 | AG110: 65800210 | AH110: 57581494 | AI110: 55286238
A111: RS | B111: 4306 | C111: Sudoeste Rio-grandense | D111: 101425.66 | E111: 719796.62 | F111: 623480.69 | G111: 958465.76 | H111: 2443958 | I111: 2983836.4 | J111: 3813547.5 | K111: 4546010.1 | L111: 4738138.7 | M111: 3944837.2 | N111: 3748104.6 | O111: 3874696.2 | P111: 3701554.1 | Q111: 3626075.7 | R111: 3780738.9 | S111: 3698906.4 | T111: 3717783.4 | U111: 4015493.8 | V111: 4049061.1 | W111: 3959049.4 | X111: 4107099.2 | Y111: 4105299 | Z111: 4443294 | AA111: 4854832.7 | AB111: 4842908.5 | AC111: 5030943.7 | AD111: 5014579 | AE111: 5139718.5 | AF111: 5173548.9 | AG111: 5083763.7 | AH111: 4606065 | AI111: 4701231.2
A112: RS | B112: 4307 | C112: Sudeste Rio-grandense | D112: 136258.25 | E112: 840135.96 | F112: 734886.2 | G112: 1608939.6 | H112: 2448254.6 | I112: 2881960.3 | J112: 4302956.7 | K112: 5641715.5 | L112: 5968002.8 | M112: 5202867.2 | N112: 5143599.9 | O112: 5122821 | P112: 4673432.6 | Q112: 4579274.8 | R112: 4539199.1 | S112: 4554642.6 | T112: 4776429.2 | U112: 5720214.8 | V112: 5972771.2 | W112: 5788346.8 | X112: 6051996.7 | Y112: 6421440 | Z112: 6738027.4 | AA112: 7451895.5 | AB112: 7161690.4 | AC112: 7144202.8 | AD112: 7642833.4 | AE112: 7578097.6 | AF112: 7968952 | AG112: 7763876.5 | AH112: 6951923 | AI112: 7168917.9
A113: SC | B113: 4201 | C113: Oeste Catarinense | D113: 4200.7275 | E113: 48542.093 | F113: 318740.36 | G113: 497603.84 | H113: 1348702.1 | I113: 2099285.1 | J113: 3255804 | K113: 4094120.9 | L113: 5097339.5 | M113: 6273037.6 | N113: 6474378.6 | O113: 6796007.4 | P113: 6962824 | Q113: 7181558.2 | R113: 7925953.3 | S113: 8009773.3 | T113: 8123119.3 | U113: 8411557.9 | V113: 9325197.7 | W113: 9453937.1 | X113: 10622386 | Y113: 11246373 | Z113: 11764283 | AA113: 12192224 | AB113: 11602506 | AC113: 11062715 | AD113: 10892434 | AE113: 11266309 | AF113: 11800377 | AG113: 12001090 | AH113: 12436920 | AI113: 13403452
A114: SC | B114: 4202 | C114: Norte Catarinense | D114: 35463.891 | E114: 242732.47 | F114: 399788.92 | G114: 558023.54 | H114: 1391244.9 | I114: 1861303.2 | J114: 3704790.1 | K114: 3911349.8 | L114: 6516344 | M114: 7917893.9 | N114: 8219022.5 | O114: 8737853.7 | P114: 8310222.2 | Q114: 8444336.1 | R114: 9331902.9 | S114: 9791216.1 | T114: 10474344 | U114: 10663949 | V114: 11742497 | W114: 11601644 | X114: 12458491 | Y114: 12464654 | Z114: 13112277 | AA114: 13812351 | AB114: 14750481 | AC114: 14691774 | AD114: 13488336 | AE114: 14447465 | AF114: 15133245 | AG114: 16007016 | AH114: 15996150 | AI114: 17729207
A115: SC | B115: 4203 | C115: Serrana | D115: 11363.484 | E115: 69282.162 | F115: 137438.44 | G115: 292159.25 | H115: 780921.38 | I115: 995996.18 | J115: 1342694.6 | K115: 1544493.5 | L115: 1961723 | M115: 1805836.3 | N115: 1849010.4 | O115: 1965671.3 | P115: 1946492.5 | Q115: 1999158.1 | R115: 2085445.4 | S115: 2161675.3 | T115: 2210453.6 | U115: 2167898.4 | V115: 2378266.8 | W115: 2478829.6 | X115: 2678630.1 | Y115: 2665568 | Z115: 3375150.2 | AA115: 2915736.8 | AB115: 3151220.7 | AC115: 3195225 | AD115: 3066204.4 | AE115: 3217707.8 | AF115: 3165663 | AG115: 3334033.6 | AH115: 3302923.9 | AI115: 3445861.5
A116: SC | B116: 4204 | C116: Vale do Itajaí | D116: 23700.725 | E116: 199086.01 | F116: 492632 | G116: 1049485.6 | H116: 1930845.5 | I116: 3007874 | J116: 4801644.8 | K116: 5624467.7 | L116: 8266614.8 | M116: 9835254 | N116: 11011365 | O116: 11410233 | P116: 10933441 | Q116: 11296269 | R116: 12346920 | S116: 13115763 | T116: 14289704 | U116: 14374265 | V116: 15571338 | W116: 16743895 | X116: 17864823 | Y116: 18891697 | Z116: 20226669 | AA116: 21021458 | AB116: 23824701 | AC116: 22582606 | AD116: 21815809 | AE116: 23321420 | AF116: 23917116 | AG116: 25250180 | AH116: 25681940 | AI116: 29133551
A117: SC | B117: 4205 | C117: Grande Florianópolis | D117: 48680.497 | E117: 213444.51 | F117: 185784.68 | G117: 272571.86 | H117: 1374190.7 | I117: 2154957 | J117: 4278292.7 | K117: 6861230.2 | L117: 11455795 | M117: 7145690.8 | N117: 7564747.7 | O117: 7863256.7 | P117: 7972165.9 | Q117: 8071252.9 | R117: 8218032.4 | S117: 8916572.6 | T117: 9621806.8 | U117: 10046739 | V117: 11000615 | W117: 11130721 | X117: 11728231 | Y117: 12109308 | Z117: 12834019 | AA117: 13268558 | AB117: 14774270 | AC117: 14285403 | AD117: 13826301 | AE117: 14188041 | AF117: 14616315 | AG117: 15040651 | AH117: 14506125 | AI117: 15081797
... A128: SP | B128: 3507 | C128: Campinas | D128: 164869.58 | E128: 927420.77 | F128: 1815489.5 | G128: 2502137.6 | H128: 6929375.6 | I128: 18194831 | J128: 26047819 | K128: 19497976 | L128: 31035964 | M128: 37676210 | N128: 40963609 | O128: 38657849 | P128: 38429459 | Q128: 38253794 | R128: 38591476 | S128: 41760672 | T128: 43699395 | U128: 46732166 | V128: 48318453 | W128: 50804103 | X128: 55190823 | Y128: 58711940 | Z128: 66191782 | AA128: 64792392 | AB128: 67460114 | AC128: 65293900 | AD128: 64224114 | AE128: 65314136 | AF128: 65501968 | AG128: 68570068 | AH128: 65609478 | AI128: 66717983
A129: SP | B129: 3508 | C129: Presidente Prudente | E129: 169512.36 | F129: 777322.12 | G129: 1158774.7 | H129: 1980971.1 | I129: 2495031 | J129: 3439653.4 | K129: 3979065.3 | L129: 5889557.6 | M129: 5664029.2 | N129: 5669437 | O129: 5574191.9 | P129: 5261673.8 | Q129: 5211077.5 | R129: 5231212 | S129: 5461812.2 | T129: 5750682.9 | U129: 5858198.3 | V129: 5958363.5 | W129: 6286503.4 | X129: 6551495.6 | Y129: 6822160.2 | Z129: 7181388.7 | AA129: 7716834.3 | AB129: 7675285.5 | AC129: 7523676 | AD129: 7422754.4 | AE129: 7559680.7 | AF129: 7500205.4 | AG129: 7827289.7 | AH129: 7490791.7 | AI129: 7278048.6
A130: SP | B130: 3509 | C130: Marília | D130: 1814.6021 | E130: 288038.15 | F130: 695459.02 | G130: 839854.1 | H130: 957673.74 | I130: 1246375.4 | J130: 1658495.3 | K130: 2520309.6 | L130: 3551681.2 | M130: 3509289 | N130: 3506593.5 | O130: 3380132.9 | P130: 3183058 | Q130: 3127297.5 | R130: 3150710.8 | S130: 3166909.5 | T130: 3306901.5 | U130: 3403057.2 | V130: 3527217.5 | W130: 3694906.1 | X130: 3941692.6 | Y130: 4116974.7 | Z130: 4423073.5 | AA130: 4797436.9 | AB130: 4779667.7 | AC130: 4608162.2 | AD130: 4547641.5 | AE130: 4697831.5 | AF130: 4779183.3 | AG130: 4958764.1 | AH130: 4873162.1 | AI130: 4911377.1
A131: SP | B131: 3510 | C131: Assis | D131: 31646.89 | E131: 256016.45 | F131: 592779.74 | G131: 887024.49 | H131: 1102412.3 | I131: 1555423.2 | J131: 1701789.8 | K131: 2467531.6 | L131: 3064349.8 | M131: 4022384.2 | N131: 3971082.1 | O131: 4143270.6 | P131: 3717894.2 | Q131: 3666406.8 | R131: 3704751.8 | S131: 3714697.3 | T131: 3767333.8 | U131: 3802660.4 | V131: 3862365.2 | W131: 3937240.4 | X131: 4174019.1 | Y131: 4394093.4 | Z131: 4717687.7 | AA131: 5079427.5 | AB131: 5463396.3 | AC131: 5249355.1 | AD131: 5380962.5 | AE131: 5410158.2 | AF131: 5404111.1 | AG131: 5695031.8 | AH131: 5609578.1 | AI131: 5588709.6
A132: SP | B132: 3511 | C132: Itapetininga | D132: 42639.146 | E132: 223005.58 | F132: 345965.95 | G132: 569278.74 | H132: 897938.94 | I132: 1401578.5 | J132: 2078622 | K132: 2219181.7 | L132: 3220978.1 | M132: 3980327.9 | N132: 4292419 | O132: 4172345.7 | P132: 3810652.8 | Q132: 3829540.5 | R132: 3918755.9 | S132: 4178441.4 | T132: 4335979.8 | U132: 4507227.4 | V132: 4642608.2 | W132: 4908986.1 | X132: 4956906 | Y132: 5383055.7 | Z132: 5703882.6 | AA132: 6073729.6 | AB132: 6600636.2 | AC132: 6555272.3 | AD132: 6524826.6 | AE132: 6494318.8 | AF132: 6518763.7 | AG132: 6797120 | AH132: 6926622.3 | AI132: 7013561.9
A133: SP | B133: 3512 | C133: Macro Metropolitana Paulista | D133: 91752.583 | E133: 554356.31 | F133: 865569.47 | G133: 1198225.2 | H133: 3600957.5 | I133: 6285046.1 | J133: 9122209.4 | K133: 10932726 | L133: 15916475 | M133: 21183860 | N133: 22891818 | O133: 23107941 | P133: 22976218 | Q133: 23291712 | R133: 24897534 | S133: 26642315 | T133: 29034634 | U133: 32391240 | V133: 33134068 | W133: 32957563 | X133: 36517203 | Y133: 40070873 | Z133: 43314269 | AA133: 46870683 | AB133: 50996146 | AC133: 48648662 | AD133: 47962857 | AE133: 48315309 | AF133: 49275020 | AG133: 52287696 | AH133: 50616470 | AI133: 50065744
A134: SP | B134: 3513 | C134: Vale do Paraíba Paulista | D134: 115319 | E134: 537552.49 | F134: 953940.03 | G134: 1376127.9 | H134: 3610660.6 | I134: 5534434.9 | J134: 9975854.6 | K134: 10803703 | L134: 15409651 | M134: 20245442 | N134: 23217299 | O134: 21780903 | P134: 20492517 | Q134: 20375139 | R134: 20273498 | S134: 20668387 | T134: 21618248 | U134: 22753684 | V134: 23465854 | W134: 24371118 | X134: 24809734 | Y134: 26129078 | Z134: 27241877 | AA134: 29201374 | AB134: 30155499 | AC134: 29133798 | AD134: 27890545 | AE134: 28876567 | AF134: 30945886 | AG134: 32055320 | AH134: 28928671 | AI134: 29953894
A135: SP | B135: 3514 | C135: Litoral Sul Paulista | D135: 10941.296 | E135: 43339.127 | F135: 87277.003 | G135: 147105.47 | H135: 381318.47 | I135: 667079.07 | J135: 954548.21 | K135: 1346054.4 | L135: 1778935.6 | M135: 2036248 | N135: 2099187.9 | O135: 2162735.3 | P135: 1954682.2 | Q135: 1893323.5 | R135: 1917118.4 | S135: 2031504.4 | T135: 2107201.9 | U135: 2088725.8 | V135: 2166655.2 | W135: 2330410.4 | X135: 2627466 | Y135: 2968808.1 | Z135: 3432375.9 | AA135: 3883880.7 | AB135: 4514518.1 | AC135: 3759322.2 | AD135: 3432641.6 | AE135: 3662071.8 | AF135: 3756176.6 | AG135: 3839393.8 | AH135: 3685767 | AI135: 3640613.5
A136: SP | B136: 3515 | C136: Metropolitana de São Paulo | D136: 683884.73 | E136: 11725784 | F136: 17898008 | G136: 41151894 | H136: 95119051 | I136: 1.464122e+08 | J136: 2.0930509e+08 | K136: 1.9419581e+08 | L136: 2.8400859e+08 | M136: 3.0126183e+08 | N136: 3.0324076e+08 | O136: 3.129236e+08 | P136: 3.241815e+08 | Q136: 3.1368242e+08 | R136: 3.1216787e+08 | S136: 3.4475094e+08 | T136: 3.7187159e+08 | U136: 3.9755501e+08 | V136: 3.9707389e+08 | W136: 4.1029543e+08 | X136: 4.3443737e+08 | Y136: 4.4975544e+08 | Z136: 4.5804715e+08 | AA136: 4.6988086e+08 | AB136: 4.8115587e+08 | AC136: 4.7058672e+08 | AD136: 4.6537397e+08 | AE136: 4.6214846e+08 | AF136: 4.5614841e+08 | AG136: 4.742152e+08 | AH136: 4.4007327e+08 | AI136: 4.2281292e+08
A137: TO | B137: 1701 | C137: Ocidental do Tocantins | D137: 2270.0783 | E137: 13580.182 | F137: 3424.8107 | G137: 49129.708 | H137: 251322.7 | I137: 619086.43 | J137: 1015306.3 | K137: 927602.16 | L137: 2055005.3 | M137: 1703674.5 | N137: 1911507.9 | O137: 1884071.5 | P137: 2214356.2 | Q137: 2321972.7 | R137: 2288680.6 | S137: 2260829.8 | T137: 2539637.8 | U137: 2824480.5 | V137: 2862082.3 | W137: 2995603.8 | X137: 2992820.7 | Y137: 2964407.8 | Z137: 3270848.6 | AA137: 3599140.8 | AB137: 3605116.7 | AC137: 3967723.9 | AD137: 3974399.4 | AE137: 4216067.7 | AF137: 4268469.3 | AG137: 4460788.5 | AH137: 4369272.8 | AI137: 3953413.6
A138: TO | B138: 1702 | C138: Oriental do Tocantins | D138: 9212.6103 | E138: 21369.475 | F138: 4853.6101 | G138: 17387.486 | H138: 84286.923 | I138: 151180.56 | J138: 221603.08 | K138: 188773.62 | L138: 1250813.1 | M138: 912890.42 | N138: 1185723.9 | O138: 1223788.7 | P138: 1599145.1 | Q138: 1620279.3 | R138: 1571252.6 | S138: 1546987.7 | T138: 1756106.3 | U138: 1976998.6 | V138: 2088473.2 | W138: 2247706.5 | X138: 2482440.2 | Y138: 2529911.8 | Z138: 2765283 | AA138: 3039447.7 | AB138: 3251922.6 | AC138: 3629488.6 | AD138: 3684023.7 | AE138: 3749492.9 | AF138: 3914259.2 | AG138: 4158403.4 | AH138: 3894306.4 | AI138: 3607898.5

Sheet ind_mes
A1: Sigla | B1: Codigo | C1: Meso-região | D1: 1920 | E1: 1939 | F1: 1949 | G1: 1959 | H1: 1970 | I1: 1975 | J1: 1980 | K1: 1985 | L1: 1996 | M1: 1999 | N1: 2000 | O1: 2001 | P1: 2002 | Q1: 2003 | R1: 2004 | S1: 2005 | T1: 2006 | U1: 2007 | V1: 2008 | W1: 2009 | X1: 2010 | Y1: 2011 | Z1: 2012 | AA1: 2013 | AB1: 2014 | AC1: 2015 | AD1: 2016 | AE1: 2017 | AF1: 2018 | AG1: 2019 | AH1: 2020 | AI1: 2021
A2: AC | B2: 1201 | C2: Vale do Juruá | D2: 120.01074 | E2: 206.7514 | F2: 970.78772 | G2: 3076.3825 | H2: 17543.187 | I2: 7799.2104 | J2: 45815.177 | K2: 93717.62 | L2: 19836.577 | M2: 63747.655 | N2: 63130.367 | O2: 71441.966 | P2: 68171.188 | Q2: 50676.015 | R2: 66532.943 | S2: 47647.273 | T2: 47420.656 | U2: 53947.949 | V2: 54710.892 | W2: 114247.72 | X2: 109957.98 | Y2: 81485.755 | Z2: 79188.581 | AA2: 94578.845 | AB2: 127384.21 | AC2: 82554.158 | AD2: 80906.315 | AE2: 80846.025 | AF2: 87465.216 | AG2: 87347.049 | AH2: 103683.45 | AI2: 118122.54
A3: AC | B3: 1202 | C3: Vale do Acre | D3: 307.85176 | E3: 2678.3705 | F3: 7403.01 | G3: 8511.2361 | H3: 75199.683 | I3: 70186.502 | J3: 426312.1 | K3: 513137.44 | L3: 687436.48 | M3: 334376.18 | N3: 360348.02 | O3: 415585.49 | P3: 606316.8 | Q3: 440700.4 | R3: 582214.06 | S3: 550596.86 | T3: 541389.95 | U3: 703522.37 | V3: 627211.92 | W3: 942163.93 | X3: 981663.6 | Y3: 788785.34 | Z3: 809730.51 | AA3: 786161.28 | AB3: 906487.16 | AC3: 773857.35 | AD3: 601431.71 | AE3: 545205.07 | AF3: 552596.36 | AG3: 473216.85 | AH3: 525004.68 | AI3: 531837.15
A4: AL | B4: 2701 | C4: Sertão Alagoano | D4: 6673.8685 | E4: 8129.0676 | F4: 16737.513 | G4: 42878.333 | H4: 118649.01 | I4: 170977.81 | J4: 182224.74 | K4: 214265.14 | L4: 36958.284 | M4: 222564.96 | N4: 210981.19 | O4: 185215.69 | P4: 196898.39 | Q4: 227955.1 | R4: 312385.35 | S4: 258796.39 | T4: 265694.59 | U4: 279448.47 | V4: 238134.75 | W4: 194521 | X4: 173205.31 | Y4: 284742.6 | Z4: 289479.84 | AA4: 192861.33 | AB4: 162042.83 | AC4: 101045.06 | AD4: 121338.99 | AE4: 117079.54 | AF4: 103951.14 | AG4: 141142.65 | AH4: 129330.82 | AI4: 106940.58
A5: AL | B5: 2702 | C5: Agreste Alagoano | D5: 1872.8806 | E5: 3494.8785 | F5: 5139.1458 | G5: 55945.229 | H5: 52505.331 | I5: 154504.55 | J5: 231201.01 | K5: 278363.5 | L5: 93589.603 | M5: 316220.91 | N5: 313555.01 | O5: 316573.18 | P5: 260351.43 | Q5: 224562.48 | R5: 246109.57 | S5: 254550.87 | T5: 300096.91 | U5: 340321.06 | V5: 331606.8 | W5: 320723.67 | X5: 367318.18 | Y5: 371827.3 | Z5: 378838.85 | AA5: 340570.32 | AB5: 353333.72 | AC5: 465735.65 | AD5: 306107.39 | AE5: 325825.66 | AF5: 319727.44 | AG5: 355748.55 | AH5: 383122.2 | AI5: 416720.75
A6: AL | B6: 2703 | C6: Leste Alagoano | D6: 59179.837 | E6: 197078.38 | F6: 336641.06 | G6: 546369.45 | H6: 933775.11 | I6: 1670570 | J6: 2216619.6 | K6: 3420563 | L6: 2963781 | M6: 3117045.5 | N6: 2954773.1 | O6: 2953190.2 | P6: 3662473.4 | Q6: 3772167.5 | R6: 3923421.5 | S6: 3976074.3 | T6: 4010645.3 | U6: 4485072.5 | V6: 4358018.8 | W6: 3793547.7 | X6: 4167761.3 | Y6: 5353711.8 | Z6: 4673530.7 | AA6: 4180238.5 | AB6: 3870248.1 | AC6: 3842963.4 | AD6: 3087684 | AE6: 3241938.5 | AF6: 3013555.8 | AG6: 3105615.2 | AH6: 3388022.4 | AI6: 3945254.4
A7: AM | B7: 1301 | C7: Norte Amazonense | D7: 224.62803 | F7: 7.5371717 | G7: 1834.2923 | H7: 4981.9573 | I7: 11057.697 | J7: 19528.625 | K7: 24972.417 | L7: 12333.516 | M7: 32145.113 | N7: 27633.162 | O7: 28382.431 | P7: 13097.165 | Q7: 10898.172 | R7: 11915.955 | S7: 10286.183 | T7: 8541.5234 | U7: 12209.844 | V7: 18290.85 | W7: 24870.896 | X7: 28757.069 | Y7: 33316.416 | Z7: 31067.755 | AA7: 29235.864 | AB7: 27714.404 | AC7: 21733.436 | AD7: 19536.633 | AE7: 20655.3 | AF7: 26293.031 | AG7: 39103.281 | AH7: 31403.139 | AI7: 36556.029
A8: AM | B8: 1302 | C8: Sudoeste Amazonense | D8: 1150.4093 | F8: 477.85669 | G8: 1416.4831 | H8: 11389.978 | I8: 27877.884 | J8: 80158.303 | K8: 146690.61 | L8: 32786.82 | M8: 100291.07 | N8: 84521.364 | O8: 88675.892 | P8: 54035.151 | Q8: 36814.539 | R8: 38101.368 | S8: 27135.207 | T8: 30912.068 | U8: 38961.724 | V8: 40690.428 | W8: 49554.605 | X8: 60124.444 | Y8: 68425.079 | Z8: 86558.139 | AA8: 90028.935 | AB8: 97041.434 | AC8: 75434.083 | AD8: 69348.81 | AE8: 74452.092 | AF8: 93464.728 | AG8: 122970.67 | AH8: 100328.78 | AI8: 109426.67
A9: AM | B9: 1303 | C9: Centro Amazonense | D9: 7242.2848 | E9: 185907.1 | F9: 141721.44 | G9: 821143.72 | H9: 1031505.9 | I9: 3472696.3 | J9: 10034189 | K9: 13897906 | L9: 16039289 | M9: 10352399 | N9: 12654119 | O9: 13547602 | P9: 14646841 | Q9: 15748353 | R9: 17328414 | S9: 17516904 | T9: 19900106 | U9: 19255446 | V9: 18657504 | W9: 17926544 | X9: 21335865 | Y9: 22962903 | Z9: 19379534 | AA9: 20008851 | AB9: 18051324 | AC9: 16433407 | AD9: 16533913 | AE9: 15744857 | AF9: 16704097 | AG9: 18215087 | AH9: 18655551 | AI9: 19551826
A10: AM | B10: 1304 | C10: Sul Amazonense | D10: 1479.5822 | F10: 1361.2132 | G10: 2282.4451 | H10: 8841.1429 | I10: 30899.808 | J10: 204935.99 | K10: 103314.82 | L10: 36393.957 | M10: 78606.704 | N10: 70622.682 | O10: 72390.493 | P10: 48017.786 | Q10: 43028.406 | R10: 56145.398 | S10: 41412.488 | T10: 42138.057 | U10: 54164.718 | V10: 53452.079 | W10: 53229.412 | X10: 71048.517 | Y10: 88527.544 | Z10: 95614.445 | AA10: 94666.489 | AB10: 107728.8 | AC10: 86535.385 | AD10: 92389.179 | AE10: 104063.43 | AF10: 120624.45 | AG10: 154769.66 | AH10: 125846.33 | AI10: 134776.71
A11: AP | B11: 1601 | C11: Norte do Amapá | D11: 293.01117 | F11: 726.85919 | G11: 501.73468 | H11: 10151.788 | I11: 3736.281 | J11: 6261.7882 | K11: 35756.545 | L11: 4800.7617 | M11: 18747.733 | N11: 19438.367 | O11: 32974.882 | P11: 14487.106 | Q11: 18593.06 | R11: 21808.918 | S11: 19199.353 | T11: 17955.938 | U11: 22057.665 | V11: 34385.372 | W11: 16918.638 | X11: 16194.175 | Y11: 29374.206 | Z11: 39114.328 | AA11: 64993.056 | AB11: 16582.955 | AC11: 27755.274 | AD11: 33086.743 | AE11: 25092.319 | AF11: 33832.681 | AG11: 17872.495 | AH11: 28602.039 | AI11: 23600.1
A12: AP | B12: 1602 | C12: Sul do Amapá | D12: 409.38988 | F12: 1987.9022 | G12: 355832.23 | H12: 476479.14 | I12: 218694.52 | J12: 559687.5 | K12: 976509.24 | L12: 383490.45 | M12: 624992.15 | N12: 642416.88 | O12: 685704.5 | P12: 597356.75 | Q12: 625781.6 | R12: 532390.75 | S12: 524151.09 | T12: 512681.45 | U12: 602247.92 | V12: 744899.92 | W12: 524939 | X12: 566909.82 | Y12: 708370.42 | Z12: 1006821.8 | AA12: 1167420 | AB12: 937398.13 | AC12: 1109117.9 | AD12: 974242.75 | AE12: 920350.11 | AF12: 1036006 | AG12: 838776.76 | AH12: 1097988 | AI12: 1097209.3
A13: BA | B13: 2901 | C13: Extremo Oeste Baiano | D13: 9592.1903 | E13: 1401.5132 | F13: 3932.5598 | G13: 12863.73 | H13: 30457.857 | I13: 48027.078 | J13: 110214.54 | K13: 149212.08 | L13: 446159.4 | M13: 555414.91 | N13: 578796.73 | O13: 586927.06 | P13: 666832.33 | Q13: 641679.22 | R13: 890928.49 | S13: 703849.29 | T13: 662171.72 | U13: 652051.82 | V13: 836661.36 | W13: 761428.39 | X13: 941075.59 | Y13: 1025457.1 | Z13: 1159214.6 | AA13: 1137595.9 | AB13: 1197954.5 | AC13: 1244685.5 | AD13: 1086684.3 | AE13: 1215075.6 | AF13: 1373361.2 | AG13: 1185253.3 | AH13: 1431403.8 | AI13: 1730352.9
